timestamp,episode,step,curriculum_level,map_id,obstacle_count,start_x,start_y,start_z,goal_x,goal_y,goal_z,uav_x,uav_y,uav_z,obstacle_x,obstacle_y,obstacle_z,obstacle_type,obstacle_id,detection_distance,detection_angle,prev_velocity_x,prev_velocity_y,new_velocity_x,new_velocity_y,trajectory_change_angle
2025-10-01 11:36:54.193,13,0,1,17,1,-4.0,-4.0,1.0,4.0,-4.0,1.0,-4.0,-4.0,1.0,-2.6894444401873523,-3.4681353112454856,1.0,box,static_obs_0,1.2960546730914104,22.5,0.0,0.0,0.0,0.0,0.0
2025-10-01 11:36:57.885,62,0,1,17,1,-4.0,-4.0,1.0,4.0,-4.0,1.0,-4.0,-4.0,1.0,-2.6894444401873523,-3.4681353112454856,1.0,box,static_obs_0,1.2960546730914104,22.5,0.0,0.0,0.0,0.0,0.0
2025-10-01 11:36:57.893,63,1,1,17,1,-4.0,-4.0,1.0,4.0,-4.0,1.0,-3.992041461467743,-3.999751094430685,1.0,-2.6894444401873523,-3.4681353112454856,1.0,box,static_obs_0,1.2886066901951558,22.5,0.0,0.0,0.795853853225708,0.024890556931495667,0.0
2025-10-01 11:36:57.965,63,0,1,17,1,-4.0,-4.0,1.0,4.0,-4.0,1.0,-4.0,-4.0,1.0,-2.6894444401873523,-3.4681353112454856,1.0,box,static_obs_0,1.2960546730914104,22.5,0.0,0.0,0.0,0.0,0.0
2025-10-01 11:36:57.975,64,1,1,17,1,-4.0,-4.0,1.0,4.0,-4.0,1.0,-3.994052557349205,-3.9972564962506296,1.0,-2.6894444401873523,-3.4681353112454856,1.0,box,static_obs_0,1.2895100591240407,22.5,0.0,0.0,0.5947442650794983,0.2743503749370575,0.0
2025-10-01 11:37:03.711,146,0,1,17,1,-4.0,-4.0,1.0,-4.0,4.0,1.0,-4.0,-4.0,1.0,-2.6894444401873523,-3.4681353112454856,1.0,box,static_obs_0,1.2960546730914104,22.5,0.0,0.0,0.0,0.0,0.0
2025-10-01 11:37:03.724,147,1,1,17,1,-4.0,-4.0,1.0,-4.0,4.0,1.0,-3.995344951748848,-3.9962088823318482,1.0,-2.6894444401873523,-3.4681353112454856,1.0,box,static_obs_0,1.2903031713675706,22.5,0.0,0.0,0.46550482511520386,0.37911176681518555,0.0
2025-10-01 11:37:03.907,148,0,1,17,1,-4.0,-4.0,1.0,-4.0,4.0,1.0,-4.0,-4.0,1.0,-2.6894444401873523,-3.4681353112454856,1.0,box,static_obs_0,1.2960546730914104,22.5,0.0,0.0,0.0,0.0,0.0
2025-10-01 11:37:03.925,149,1,1,17,1,-4.0,-4.0,1.0,-4.0,4.0,1.0,-3.9979246109724045,-3.9980995783209803,1.0,-2.6894444401873523,-3.4681353112454856,1.0,box,static_obs_0,1.2934100037557483,22.5,0.0,0.0,0.22125338682480972,0.20260044130887558,0.0
2025-10-01 11:37:10.179,232,0,1,17,1,-4.0,-4.0,1.0,-4.0,4.0,1.0,-4.0,-4.0,1.0,-2.6894444401873523,-3.4681353112454856,1.0,box,static_obs_0,1.2960546730914104,22.5,0.0,0.0,0.0,0.0,0.0
2025-10-01 11:37:10.179,233,1,1,17,1,-4.0,-4.0,1.0,-4.0,4.0,1.0,-3.998237367272377,-3.9960044822096825,1.0,-2.6894444401873523,-3.4681353112454856,1.0,box,static_obs_0,1.2928971943289507,22.5,0.0,0.0,0.17626327276229858,0.39955177903175354,0.0
2025-10-01 11:37:10.973,244,0,1,17,1,-4.0,-4.0,1.0,4.0,-4.0,1.0,-4.0,-4.0,1.0,-2.6894444401873523,-3.4681353112454856,1.0,box,static_obs_0,1.2960546730914104,22.5,0.0,0.0,0.0,0.0,0.0
2025-10-01 11:37:12.045,259,0,1,17,1,-4.0,-4.0,1.0,4.0,4.0,1.0,-4.0,-4.0,1.0,-2.6894444401873523,-3.4681353112454856,1.0,box,static_obs_0,1.2960546730914104,22.5,0.0,0.0,0.0,0.0,0.0
2025-10-01 11:37:12.054,260,1,1,17,1,-4.0,-4.0,1.0,4.0,4.0,1.0,-3.9876815557479857,-3.998310039192438,1.0,-2.6894444401873523,-3.4681353112454856,1.0,box,static_obs_0,1.284027194572193,22.5,0.0,0.0,1.231844425201416,0.16899608075618744,0.0
2025-10-01 11:37:13.405,279,0,1,17,1,-4.0,-4.0,1.0,-4.0,4.0,1.0,-4.0,-4.0,1.0,-2.6894444401873523,-3.4681353112454856,1.0,box,static_obs_0,1.2960546730914104,22.5,0.0,0.0,0.0,0.0,0.0
2025-10-01 11:37:13.610,282,0,1,17,1,-4.0,-4.0,1.0,-4.0,4.0,1.0,-4.0,-4.0,1.0,-2.6894444401873523,-3.4681353112454856,1.0,box,static_obs_0,1.2960546730914104,22.5,0.0,0.0,0.0,0.0,0.0
2025-10-01 11:37:14.071,289,0,1,17,1,-4.0,-4.0,1.0,4.0,4.0,1.0,-4.0,-4.0,1.0,-2.6894444401873523,-3.4681353112454856,1.0,box,static_obs_0,1.2960546730914104,22.5,0.0,0.0,0.0,0.0,0.0
2025-10-01 11:37:14.993,303,0,1,17,1,-4.0,-4.0,1.0,4.0,-4.0,1.0,-4.0,-4.0,1.0,-2.6894444401873523,-3.4681353112454856,1.0,box,static_obs_0,1.2960546730914104,22.5,0.0,0.0,0.0,0.0,0.0
2025-10-01 11:37:17.412,336,0,1,17,1,-4.0,-4.0,1.0,4.0,4.0,1.0,-4.0,-4.0,1.0,-2.6894444401873523,-3.4681353112454856,1.0,box,static_obs_0,1.2960546730914104,22.5,0.0,0.0,0.0,0.0,0.0
2025-10-01 11:37:18.685,356,0,1,17,1,-4.0,-4.0,1.0,4.0,-4.0,1.0,-4.0,-4.0,1.0,-2.6894444401873523,-3.4681353112454856,1.0,box,static_obs_0,1.2960546730914104,22.5,0.0,0.0,0.0,0.0,0.0
2025-10-01 11:37:19.805,373,0,1,17,1,-4.0,-4.0,1.0,4.0,4.0,1.0,-4.0,-4.0,1.0,-2.6894444401873523,-3.4681353112454856,1.0,box,static_obs_0,1.2960546730914104,22.5,0.0,0.0,0.0,0.0,0.0
2025-10-01 11:37:19.813,374,1,1,17,1,-4.0,-4.0,1.0,4.0,4.0,1.0,-3.990483283996582,-3.995775867700577,1.0,-2.6894444401873523,-3.4681353112454856,1.0,box,static_obs_0,1.2856458685120224,22.5,0.0,0.0,0.9516716003417969,0.4224132299423218,0.0
2025-10-01 11:37:19.820,374,2,1,17,1,-4.0,-4.0,1.0,4.0,4.0,1.0,-3.9826056015491487,-3.998873329758644,1.0,-2.6894444401873523,-3.4681353112454856,1.0,box,static_obs_0,1.2795531863472172,22.5,0.9516716003417969,0.4224132299423218,0.7877682447433472,-0.3097462058067322,45.39921842644136
2025-10-01 11:37:19.830,374,3,1,17,1,-4.0,-4.0,1.0,4.0,4.0,1.0,-3.97248259305954,-3.997266972362995,1.0,-2.6894444401873523,-3.4681353112454856,1.0,box,static_obs_0,1.269586019634458,22.5,0.7877682447433472,-0.3097462058067322,1.0123008489608765,0.16063573956489563,30.48121448814699
2025-10-01 11:37:19.839,374,4,1,17,1,-4.0,-4.0,1.0,4.0,4.0,1.0,-3.9653166204690935,-3.997170281112194,1.0,-2.6894444401873523,-3.4681353112454856,1.0,box,static_obs_0,1.2629285220878712,22.5,1.0123008489608765,0.16063573956489563,0.7165972590446472,0.009669125080108643,8.243679907965602
2025-10-01 11:37:20.451,381,0,1,17,1,-4.0,-4.0,1.0,-4.0,4.0,1.0,-4.0,-4.0,1.0,-2.6894444401873523,-3.4681353112454856,1.0,box,static_obs_0,1.2960546730914104,22.5,0.0,0.0,0.0,0.0,0.0
2025-10-01 11:37:20.980,389,0,1,17,1,-4.0,-4.0,1.0,4.0,4.0,1.0,-4.0,-4.0,1.0,-2.6894444401873523,-3.4681353112454856,1.0,box,static_obs_0,1.2960546730914104,22.5,0.0,0.0,0.0,0.0,0.0
2025-10-01 11:37:21.375,395,0,1,17,1,-4.0,-4.0,1.0,4.0,4.0,1.0,-4.0,-4.0,1.0,-2.6894444401873523,-3.4681353112454856,1.0,box,static_obs_0,1.2960546730914104,22.5,0.0,0.0,0.0,0.0,0.0
2025-10-01 11:37:21.379,396,1,1,17,1,-4.0,-4.0,1.0,4.0,4.0,1.0,-3.990768750905991,-3.9940660947561266,1.0,-2.6894444401873523,-3.4681353112454856,1.0,box,static_obs_0,1.2852553037678875,22.5,0.0,0.0,0.9231249094009399,0.5933905243873596,0.0
2025-10-01 11:37:21.386,396,2,1,17,1,-4.0,-4.0,1.0,4.0,4.0,1.0,-3.983074402809143,-3.9980086237192154,1.0,-2.6894444401873523,-3.4681353112454856,1.0,box,static_obs_0,1.2796553935609865,22.5,0.9231249094009399,0.5933905243873596,0.7694348096847534,-0.3942528963088989,59.86344304842713
2025-10-01 11:37:21.565,398,0,1,17,1,-4.0,-4.0,1.0,-4.0,4.0,1.0,-4.0,-4.0,1.0,-2.6894444401873523,-3.4681353112454856,1.0,box,static_obs_0,1.2960546730914104,22.5,0.0,0.0,0.0,0.0,0.0
2025-10-01 11:37:22.855,416,0,1,17,1,-4.0,-4.0,1.0,4.0,4.0,1.0,-4.0,-4.0,1.0,-2.6894444401873523,-3.4681353112454856,1.0,box,static_obs_0,1.2960546730914104,22.5,0.0,0.0,0.0,0.0,0.0
2025-10-01 11:37:22.860,417,1,1,17,1,-4.0,-4.0,1.0,4.0,4.0,1.0,-3.986968389749527,-3.9972948825359342,1.0,-2.6894444401873523,-3.4681353112454856,1.0,box,static_obs_0,1.2829798314692349,22.5,0.0,0.0,1.3031610250473022,0.2705117464065552,0.0
2025-10-01 11:37:23.251,422,0,1,17,1,-4.0,-4.0,1.0,-4.0,4.0,1.0,-4.0,-4.0,1.0,-2.6894444401873523,-3.4681353112454856,1.0,box,static_obs_0,1.2960546730914104,22.5,0.0,0.0,0.0,0.0,0.0
2025-10-01 11:37:24.218,435,0,1,17,1,-4.0,-4.0,1.0,4.0,4.0,1.0,-4.0,-4.0,1.0,-2.6894444401873523,-3.4681353112454856,1.0,box,static_obs_0,1.2960546730914104,22.5,0.0,0.0,0.0,0.0,0.0
2025-10-01 11:37:24.222,436,1,1,17,1,-4.0,-4.0,1.0,4.0,4.0,1.0,-3.9851599526405335,-3.999304533302784,1.0,-2.6894444401873523,-3.4681353112454856,1.0,box,static_obs_0,1.282078113491715,22.5,0.0,0.0,1.4840047359466553,0.0695466697216034,0.0
2025-10-01 11:37:24.759,443,0,1,17,1,-4.0,-4.0,1.0,4.0,-4.0,1.0,-4.0,-4.0,1.0,-2.6894444401873523,-3.4681353112454856,1.0,box,static_obs_0,1.2960546730914104,22.5,0.0,0.0,0.0,0.0,0.0
2025-10-01 11:37:26.165,464,0,1,17,1,-4.0,-4.0,1.0,-4.0,4.0,1.0,-4.0,-4.0,1.0,-2.6894444401873523,-3.4681353112454856,1.0,box,static_obs_0,1.2960546730914104,22.5,0.0,0.0,0.0,0.0,0.0
2025-10-01 11:37:26.172,465,1,1,17,1,-4.0,-4.0,1.0,-4.0,4.0,1.0,-3.995221200287342,-3.9986617231369017,1.0,-2.6894444401873523,-3.4681353112454856,1.0,box,static_obs_0,1.2911275014634898,22.5,0.0,0.0,0.47787997126579285,0.13382768630981445,0.0
2025-10-01 11:37:26.176,465,2,1,17,1,-4.0,-4.0,1.0,-4.0,4.0,1.0,-3.9861928895115852,-3.996233331263065,1.0,-2.6894444401873523,-3.4681353112454856,1.0,box,static_obs_0,1.2818571245872095,22.5,0.47787997126579285,0.13382768630981445,0.9028310775756836,0.24283918738365173,0.5897789593554078
2025-10-01 11:37:26.182,465,3,1,17,1,-4.0,-4.0,1.0,-4.0,4.0,1.0,-3.979364537894726,-3.996837219297886,1.0,-2.6894444401873523,-3.4681353112454856,1.0,box,static_obs_0,1.2757796482335326,22.5,0.9028310775756836,0.24283918738365173,0.6828351616859436,-0.060388803482055664,20.108829231738998
2025-10-01 11:37:26.190,465,4,1,17,1,-4.0,-4.0,1.0,-4.0,4.0,1.0,-3.974734393656254,-3.997818542420864,1.0,-2.6894444401873523,-3.4681353112454856,1.0,box,static_obs_0,1.2718774888399937,22.5,0.6828351616859436,-0.060388803482055664,0.4630144238471985,-0.09813231229782104,6.912324783978031
2025-10-01 11:37:26.439,468,0,1,17,1,-4.0,-4.0,1.0,4.0,4.0,1.0,-4.0,-4.0,1.0,-2.6894444401873523,-3.4681353112454856,1.0,box,static_obs_0,1.2960546730914104,22.5,0.0,0.0,0.0,0.0,0.0
2025-10-01 11:37:26.445,469,1,1,17,1,-4.0,-4.0,1.0,4.0,4.0,1.0,-3.989863005876541,-3.9971930837631224,1.0,-2.6894444401873523,-3.4681353112454856,1.0,box,static_obs_0,1.28561515135967,22.5,0.0,0.0,1.0136994123458862,0.28069162368774414,0.0
2025-10-01 11:37:26.455,469,2,1,17,1,-4.0,-4.0,1.0,4.0,4.0,1.0,-3.982781348824501,-3.9981055721640586,1.0,-2.6894444401873523,-3.4681353112454856,1.0,box,static_obs_0,1.2794217475462895,22.5,1.0136994123458862,0.28069162368774414,0.70816570520401,-0.09124884009361267,22.819560527987036
2025-10-01 11:37:26.735,472,0,1,17,1,-4.0,-4.0,1.0,4.0,4.0,1.0,-4.0,-4.0,1.0,-2.6894444401873523,-3.4681353112454856,1.0,box,static_obs_0,1.2960546730914104,22.5,0.0,0.0,0.0,0.0,0.0
2025-10-01 11:37:26.740,473,1,1,17,1,-4.0,-4.0,1.0,4.0,4.0,1.0,-3.991947820186615,-3.9982417158782484,1.0,-2.6894444401873523,-3.4681353112454856,1.0,box,static_obs_0,1.287942562766939,22.5,0.0,0.0,0.805217981338501,0.17582841217517853,0.0
2025-10-01 11:37:26.748,473,2,1,17,1,-4.0,-4.0,1.0,4.0,4.0,1.0,-3.980908408164978,-3.996825320571661,1.0,-2.6894444401873523,-3.4681353112454856,1.0,box,static_obs_0,1.2772014449316784,22.5,0.805217981338501,0.17582841217517853,1.1039412021636963,0.14163953065872192,5.006524319616421
2025-10-01 11:37:26.962,475,0,1,17,1,-4.0,-4.0,1.0,-4.0,4.0,1.0,-4.0,-4.0,1.0,-2.6894444401873523,-3.4681353112454856,1.0,box,static_obs_0,1.2960546730914104,22.5,0.0,0.0,0.0,0.0,0.0
2025-10-01 11:38:07.645,1002,0,3,10,3,-4.0,-4.0,1.0,-4.0,4.0,1.0,-4.0,-4.0,1.0,-3.2015135582452228,-3.0933784090552767,1.0,cylinder,static_obs_2,1.1245060733263799,45.0,0.0,0.0,0.0,0.0,0.0
2025-10-01 11:38:08.320,1012,0,3,18,3,-4.0,-4.0,1.0,4.0,-4.0,1.0,-4.0,-4.0,1.0,-3.0004994869186246,-3.0230889586064875,1.0,cylinder,static_obs_1,1.2824183909397031,45.0,0.0,0.0,0.0,0.0,0.0
2025-10-01 11:38:08.414,1013,1,3,18,3,-4.0,-4.0,1.0,4.0,-4.0,1.0,-3.995051088929176,-3.996532819867134,1.0,-3.0004994869186246,-3.0230889586064875,1.0,cylinder,static_obs_1,1.2764673157784896,45.0,0.0,0.0,0.49489110708236694,0.3467180132865906,0.0
2025-10-01 11:38:08.422,1013,2,3,18,3,-4.0,-4.0,1.0,4.0,-4.0,1.0,-3.9931324595212936,-3.997522327080369,1.0,-3.0004994869186246,-3.0230889586064875,1.0,cylinder,static_obs_1,1.2758103271741033,45.0,0.49489110708236694,0.3467180132865906,0.26662883979725294,-0.13751022430485232,62.2966862427299
2025-10-01 11:38:08.842,1018,0,3,18,3,-4.0,-4.0,1.0,-4.0,4.0,1.0,-4.0,-4.0,1.0,-3.0004994869186246,-3.0230889586064875,1.0,cylinder,static_obs_1,1.2824183909397031,45.0,0.0,0.0,0.0,0.0,0.0
2025-10-01 11:38:08.906,1019,0,3,18,3,-4.0,-4.0,1.0,4.0,-4.0,1.0,-4.0,-4.0,1.0,-3.0004994869186246,-3.0230889586064875,1.0,cylinder,static_obs_1,1.2824183909397031,45.0,0.0,0.0,0.0,0.0,0.0
2025-10-01 11:38:10.764,1044,0,3,10,3,-4.0,-4.0,1.0,4.0,-4.0,1.0,-4.0,-4.0,1.0,-3.2015135582452228,-3.0933784090552767,1.0,cylinder,static_obs_2,1.1245060733263799,45.0,0.0,0.0,0.0,0.0,0.0
2025-10-01 11:38:11.000,1047,0,3,10,3,-4.0,-4.0,1.0,4.0,4.0,1.0,-4.0,-4.0,1.0,-3.2015135582452228,-3.0933784090552767,1.0,cylinder,static_obs_2,1.1245060733263799,45.0,0.0,0.0,0.0,0.0,0.0
2025-10-01 11:38:12.040,1061,0,3,10,3,-4.0,-4.0,1.0,-4.0,4.0,1.0,-4.0,-4.0,1.0,-3.2015135582452228,-3.0933784090552767,1.0,cylinder,static_obs_2,1.1245060733263799,45.0,0.0,0.0,0.0,0.0,0.0
2025-10-01 11:38:13.265,1076,0,3,10,3,-4.0,-4.0,1.0,4.0,4.0,1.0,-4.0,-4.0,1.0,-3.2015135582452228,-3.0933784090552767,1.0,cylinder,static_obs_2,1.1245060733263799,45.0,0.0,0.0,0.0,0.0,0.0
2025-10-01 11:38:13.340,1077,0,3,10,3,-4.0,-4.0,1.0,4.0,-4.0,1.0,-4.0,-4.0,1.0,-3.2015135582452228,-3.0933784090552767,1.0,cylinder,static_obs_2,1.1245060733263799,45.0,0.0,0.0,0.0,0.0,0.0
2025-10-01 11:38:13.344,1078,1,3,10,3,-4.0,-4.0,1.0,4.0,-4.0,1.0,-3.9950427451729773,-3.994691902399063,1.0,-3.2015135582452228,-3.0933784090552767,1.0,cylinder,static_obs_2,1.1172473730133,45.0,0.0,0.0,0.49572548270225525,0.530809760093689,0.0
2025-10-01 11:38:13.721,1082,0,3,18,3,-4.0,-4.0,1.0,-4.0,4.0,1.0,-4.0,-4.0,1.0,-3.0004994869186246,-3.0230889586064875,1.0,cylinder,static_obs_1,1.2824183909397031,45.0,0.0,0.0,0.0,0.0,0.0
2025-10-01 11:38:13.792,1083,0,3,18,3,-4.0,-4.0,1.0,-4.0,4.0,1.0,-4.0,-4.0,1.0,-3.0004994869186246,-3.0230889586064875,1.0,cylinder,static_obs_1,1.2824183909397031,45.0,0.0,0.0,0.0,0.0,0.0
2025-10-01 11:38:13.927,1085,0,3,10,3,-4.0,-4.0,1.0,-4.0,4.0,1.0,-4.0,-4.0,1.0,-3.2015135582452228,-3.0933784090552767,1.0,cylinder,static_obs_2,1.1245060733263799,45.0,0.0,0.0,0.0,0.0,0.0
2025-10-01 11:38:14.385,1091,0,3,18,3,-4.0,-4.0,1.0,4.0,4.0,1.0,-4.0,-4.0,1.0,-3.0004994869186246,-3.0230889586064875,1.0,cylinder,static_obs_1,1.2824183909397031,45.0,0.0,0.0,0.0,0.0,0.0
2025-10-01 11:38:15.422,1103,0,3,10,3,-4.0,-4.0,1.0,4.0,-4.0,1.0,-4.0,-4.0,1.0,-3.2015135582452228,-3.0933784090552767,1.0,cylinder,static_obs_2,1.1245060733263799,45.0,0.0,0.0,0.0,0.0,0.0
2025-10-01 11:38:16.485,1114,0,3,10,3,-4.0,-4.0,1.0,4.0,4.0,1.0,-4.0,-4.0,1.0,-3.2015135582452228,-3.0933784090552767,1.0,cylinder,static_obs_2,1.1245060733263799,45.0,0.0,0.0,0.0,0.0,0.0
2025-10-01 11:38:16.565,1115,0,3,10,3,-4.0,-4.0,1.0,4.0,4.0,1.0,-4.0,-4.0,1.0,-3.2015135582452228,-3.0933784090552767,1.0,cylinder,static_obs_2,1.1245060733263799,45.0,0.0,0.0,0.0,0.0,0.0
2025-10-01 11:38:16.572,1116,1,3,10,3,-4.0,-4.0,1.0,4.0,4.0,1.0,-3.9933510780334474,-3.994925624728203,1.0,-3.2015135582452228,-3.0933784090552767,1.0,cylinder,static_obs_2,1.1162164503512773,45.0,0.0,0.0,0.6648921966552734,0.507437527179718,0.0
2025-10-01 11:38:19.817,1160,0,3,10,3,-4.0,-4.0,1.0,-4.0,4.0,1.0,-4.0,-4.0,1.0,-3.2015135582452228,-3.0933784090552767,1.0,cylinder,static_obs_2,1.1245060733263799,45.0,0.0,0.0,0.0,0.0,0.0
2025-10-01 11:38:19.829,1161,1,3,10,3,-4.0,-4.0,1.0,-4.0,4.0,1.0,-3.993539968729019,-3.9982352006435393,1.0,-3.2015135582452228,-3.0933784090552767,1.0,cylinder,static_obs_2,1.1186902398156051,45.0,0.0,0.0,0.6460031270980835,0.17647993564605713,0.0
2025-10-01 11:38:21.647,1183,0,3,10,3,-4.0,-4.0,1.0,4.0,-4.0,1.0,-4.0,-4.0,1.0,-3.2015135582452228,-3.0933784090552767,1.0,cylinder,static_obs_2,1.1245060733263799,45.0,0.0,0.0,0.0,0.0,0.0
2025-10-01 11:38:21.861,1186,0,3,10,3,-4.0,-4.0,1.0,-4.0,4.0,1.0,-4.0,-4.0,1.0,-3.2015135582452228,-3.0933784090552767,1.0,cylinder,static_obs_2,1.1245060733263799,45.0,0.0,0.0,0.0,0.0,0.0
2025-10-01 11:38:22.055,1189,0,3,18,3,-4.0,-4.0,1.0,4.0,-4.0,1.0,-4.0,-4.0,1.0,-3.0004994869186246,-3.0230889586064875,1.0,cylinder,static_obs_1,1.2824183909397031,45.0,0.0,0.0,0.0,0.0,0.0
2025-10-01 11:38:22.670,1197,0,3,10,3,-4.0,-4.0,1.0,4.0,4.0,1.0,-4.0,-4.0,1.0,-3.2015135582452228,-3.0933784090552767,1.0,cylinder,static_obs_2,1.1245060733263799,45.0,0.0,0.0,0.0,0.0,0.0
2025-10-01 11:38:22.679,1198,1,3,10,3,-4.0,-4.0,1.0,4.0,4.0,1.0,-3.992390370965004,-3.997349641919136,1.0,-3.2015135582452228,-3.0933784090552767,1.0,cylinder,static_obs_2,1.1172511668618685,45.0,0.0,0.0,0.7609629034996033,0.26503580808639526,0.0
2025-10-01 11:38:24.191,1214,0,3,18,3,-4.0,-4.0,1.0,-4.0,4.0,1.0,-4.0,-4.0,1.0,-3.0004994869186246,-3.0230889586064875,1.0,cylinder,static_obs_1,1.2824183909397031,45.0,0.0,0.0,0.0,0.0,0.0
2025-10-01 11:38:24.325,1216,0,3,10,3,-4.0,-4.0,1.0,-4.0,4.0,1.0,-4.0,-4.0,1.0,-3.2015135582452228,-3.0933784090552767,1.0,cylinder,static_obs_2,1.1245060733263799,45.0,0.0,0.0,0.0,0.0,0.0
2025-10-01 11:38:24.626,1220,0,3,10,3,-4.0,-4.0,1.0,4.0,-4.0,1.0,-4.0,-4.0,1.0,-3.2015135582452228,-3.0933784090552767,1.0,cylinder,static_obs_2,1.1245060733263799,45.0,0.0,0.0,0.0,0.0,0.0
2025-10-01 11:38:25.217,1225,0,3,18,3,-4.0,-4.0,1.0,-4.0,4.0,1.0,-4.0,-4.0,1.0,-3.0004994869186246,-3.0230889586064875,1.0,cylinder,static_obs_1,1.2824183909397031,45.0,0.0,0.0,0.0,0.0,0.0
2025-10-01 11:38:25.230,1226,1,3,18,3,-4.0,-4.0,1.0,-4.0,4.0,1.0,-3.9931687301397325,-3.9972814014554023,1.0,-3.0004994869186246,-3.0230889586064875,1.0,cylinder,static_obs_1,1.2756656142311837,45.0,0.0,0.0,0.6831269860267639,0.2718598544597626,0.0
2025-10-01 11:38:26.573,1239,0,3,10,3,-4.0,-4.0,1.0,4.0,-4.0,1.0,-4.0,-4.0,1.0,-3.2015135582452228,-3.0933784090552767,1.0,cylinder,static_obs_2,1.1245060733263799,45.0,0.0,0.0,0.0,0.0,0.0
2025-10-01 11:38:29.476,1257,0,3,10,3,-4.0,-4.0,1.0,4.0,-4.0,1.0,-4.0,-4.0,1.0,-3.2015135582452228,-3.0933784090552767,1.0,cylinder,static_obs_2,1.1245060733263799,45.0,0.0,0.0,0.0,0.0,0.0
2025-10-01 11:38:29.482,1258,1,3,10,3,-4.0,-4.0,1.0,4.0,-4.0,1.0,-3.9943442332744596,-3.9946309548616408,1.0,-3.2015135582452228,-3.0933784090552767,1.0,cylinder,static_obs_2,1.1167103540961105,45.0,0.0,0.0,0.5655766725540161,0.536904513835907,0.0
2025-10-01 11:38:29.490,1258,2,3,10,3,-4.0,-4.0,1.0,4.0,-4.0,1.0,-3.9891907656192775,-3.9956598156690597,1.0,-3.2015135582452228,-3.0933784090552767,1.0,cylinder,static_obs_2,1.1137938166243289,45.0,0.5655766725540161,0.536904513835907,0.5153467655181885,-0.10288608074188232,54.80058685972205
2025-10-01 11:38:34.751,1262,0,3,18,3,-4.0,-4.0,1.0,4.0,4.0,1.0,-4.0,-4.0,1.0,-3.0004994869186246,-3.0230889586064875,1.0,cylinder,static_obs_1,1.2824183909397031,45.0,0.0,0.0,0.0,0.0,0.0
2025-10-01 11:38:34.758,1263,1,3,18,3,-4.0,-4.0,1.0,4.0,4.0,1.0,-3.998988879919052,-3.9993122830986976,1.0,-3.0004994869186246,-3.0230889586064875,1.0,cylinder,static_obs_1,1.2812171317894234,45.0,0.0,0.0,0.24806023926452034,0.16871904959437425,0.0
2025-10-01 11:38:34.763,1263,2,3,18,3,-4.0,-4.0,1.0,4.0,4.0,1.0,-3.993205618262291,-3.9974494767189026,1.0,-3.0004994869186246,-3.0230889586064875,1.0,cylinder,static_obs_1,1.2758105452313608,45.0,0.24806023926452034,0.16871904959437425,0.5783261656761169,0.18628063797950745,16.367807754088094
2025-10-01 11:38:34.771,1263,3,3,18,3,-4.0,-4.0,1.0,4.0,4.0,1.0,-3.9873913067579267,-3.9977982493489983,1.0,-3.0004994869186246,-3.0230889586064875,1.0,cylinder,static_obs_1,1.271945825630527,45.0,0.5783261656761169,0.18628063797950745,0.5814311504364014,-0.03487726300954819,21.286694836092433
2025-10-01 11:38:34.776,1263,4,3,18,3,-4.0,-4.0,1.0,4.0,4.0,1.0,-3.9817823153734206,-3.995663818493486,1.0,-3.0004994869186246,-3.0230889586064875,1.0,cylinder,static_obs_1,1.266470399255019,45.0,0.5814311504364014,-0.03487726300954819,0.5608991384506226,0.2134430855512619,24.2664758675703
2025-10-01 11:38:34.780,1263,5,3,18,3,-4.0,-4.0,1.0,4.0,4.0,1.0,-3.9725836503505705,-3.9962048808485275,1.0,-3.0004994869186246,-3.0230889586064875,1.0,cylinder,static_obs_1,1.260348549699793,45.0,0.5608991384506226,0.2134430855512619,0.9198665022850037,-0.05410623550415039,24.199930287478914
2025-10-01 11:38:34.785,1263,6,3,18,3,-4.0,-4.0,1.0,4.0,4.0,1.0,-3.967296262979507,-3.9967013444378976,1.0,-3.0004994869186246,-3.0230889586064875,1.0,cylinder,static_obs_1,1.2569608550056097,45.0,0.9198665022850037,-0.05410623550415039,0.5287387371063232,-0.04964635893702507,1.9978674229362225
2025-10-01 11:38:34.785,1263,7,3,18,3,-4.0,-4.0,1.0,4.0,4.0,1.0,-3.9572774934768673,-3.9963935748487716,1.0,-3.0004994869186246,-3.0230889586064875,1.0,cylinder,static_obs_1,1.2496588891876341,45.0,0.5287387371063232,-0.04964635893702507,1.001876950263977,0.030776958912611008,7.1236401075333875
2025-10-01 11:38:35.421,1269,0,3,18,3,-4.0,-4.0,1.0,4.0,-4.0,1.0,-4.0,-4.0,1.0,-3.0004994869186246,-3.0230889586064875,1.0,cylinder,static_obs_1,1.2824183909397031,45.0,0.0,0.0,0.0,0.0,0.0
2025-10-01 11:38:35.890,1274,0,3,18,3,-4.0,-4.0,1.0,4.0,4.0,1.0,-4.0,-4.0,1.0,-3.0004994869186246,-3.0230889586064875,1.0,cylinder,static_obs_1,1.2824183909397031,45.0,0.0,0.0,0.0,0.0,0.0
2025-10-01 11:38:35.897,1275,1,3,18,3,-4.0,-4.0,1.0,4.0,4.0,1.0,-3.98966579079628,-3.9974695220589638,1.0,-3.0004994869186246,-3.0230889586064875,1.0,cylinder,static_obs_1,1.2733216834218026,45.0,0.0,0.0,1.0334209203720093,0.25304779410362244,0.0
2025-10-01 11:38:36.334,1280,0,3,10,3,-4.0,-4.0,1.0,4.0,-4.0,1.0,-4.0,-4.0,1.0,-3.2015135582452228,-3.0933784090552767,1.0,cylinder,static_obs_2,1.1245060733263799,45.0,0.0,0.0,0.0,0.0,0.0
2025-10-01 11:38:36.340,1281,1,3,10,3,-4.0,-4.0,1.0,4.0,-4.0,1.0,-3.9923956072330475,-3.995219701230526,1.0,-3.2015135582452228,-3.0933784090552767,1.0,cylinder,static_obs_2,1.1157487739580692,45.0,0.0,0.0,0.7604392766952515,0.47802987694740295,0.0
2025-10-01 11:38:36.345,1281,2,3,10,3,-4.0,-4.0,1.0,4.0,-4.0,1.0,-3.9890485787391663,-3.9913420835137368,1.0,-3.2015135582452228,-3.0933784090552767,1.0,cylinder,static_obs_2,1.1106401776308303,45.0,0.7604392766952515,0.47802987694740295,0.33470284938812256,0.38776177167892456,17.04592298899197
2025-10-01 11:38:36.352,1281,4,3,10,3,-4.0,-4.0,1.0,4.0,-4.0,1.0,-3.9912279649078846,-3.9968390038609507,1.0,-3.2015135582452228,-3.0933784090552767,1.0,cylinder,static_obs_2,1.1160681460227124,45.0,0.17578624188899994,-0.4124206304550171,-0.39372485876083374,-0.13727140426635742,93.86417107377149
2025-10-01 11:38:36.357,1281,5,3,10,3,-4.0,-4.0,1.0,4.0,-4.0,1.0,-3.99014337785542,-3.9932656246423726,1.0,-3.2015135582452228,-3.0933784090552767,1.0,cylinder,static_obs_2,1.11277446648592,45.0,-0.39372485876083374,-0.13727140426635742,0.10845870524644852,0.35733792185783386,126.10502911223068
2025-10-01 11:38:37.147,1286,30,3,8,3,-4.0,-4.0,1.0,4.0,4.0,1.0,-3.806901695728302,-3.9782919182721526,1.0,-3.2375067065047447,-2.7240069541559704,1.0,cylinder,static_obs_1,1.3241113538685028,67.5,0.7885075807571411,0.024554964154958725,0.692622184753418,-0.14099442958831787,13.28993862163379
2025-10-01 11:38:37.155,1286,31,3,8,3,-4.0,-4.0,1.0,4.0,4.0,1.0,-3.8004730623960494,-3.978754268148914,1.0,-3.2375067065047447,-2.7240069541559704,1.0,cylinder,static_obs_1,1.3220783779874987,67.5,0.692622184753418,-0.14099442958831787,0.6428633332252502,-0.046234987676143646,7.392611162243542
2025-10-01 11:38:37.162,1286,32,3,8,3,-4.0,-4.0,1.0,4.0,4.0,1.0,-3.797342198193073,-3.9808999200258404,1.0,-3.2375067065047447,-2.7240069541559704,1.0,cylinder,static_obs_1,1.3228625719810214,67.5,0.6428633332252502,-0.046234987676143646,0.3130864202976227,-0.2145651876926422,30.31006811389523
2025-10-01 11:38:37.170,1286,33,3,8,3,-4.0,-4.0,1.0,4.0,4.0,1.0,-3.788716872632503,-3.98292503462173,1.0,-3.2375067065047447,-2.7240069541559704,1.0,cylinder,static_obs_1,1.3214327647163686,67.5,0.3130864202976227,-0.2145651876926422,0.8625325560569763,-0.20251145958900452,21.210733412325954
2025-10-01 11:38:37.174,1286,34,3,8,3,-4.0,-4.0,1.0,4.0,4.0,1.0,-3.783741100132465,-3.983284889468923,1.0,-3.2375067065047447,-2.7240069541559704,1.0,cylinder,static_obs_1,1.3198610815453824,67.5,0.8625325560569763,-0.20251145958900452,0.4975772500038147,-0.03598548471927643,9.076477787456449
2025-10-01 11:38:37.180,1286,35,3,8,3,-4.0,-4.0,1.0,4.0,4.0,1.0,-3.7808950549364084,-3.9847424990031866,1.0,-3.2375067065047447,-2.7240069541559704,1.0,cylinder,static_obs_1,1.3201186028161889,67.5,0.4975772500038147,-0.03598548471927643,0.2846045196056366,-0.14576095342636108,22.982865426629594
2025-10-01 11:38:37.188,1286,36,3,8,3,-4.0,-4.0,1.0,4.0,4.0,1.0,-3.7749392127990715,-3.9814200621936466,1.0,-3.2375067065047447,-2.7240069541559704,1.0,cylinder,static_obs_1,1.314769869338052,67.5,0.2846045196056366,-0.14576095342636108,0.5955842137336731,0.3322436809539795,56.274119697820474
2025-10-01 11:38:37.192,1286,37,3,8,3,-4.0,-4.0,1.0,4.0,4.0,1.0,-3.7692698717117303,-3.984748680898919,1.0,-3.2375067065047447,-2.7240069541559704,1.0,cylinder,static_obs_1,1.3156755491248355,67.5,0.5955842137336731,0.3322436809539795,0.5669341087341309,-0.33286187052726746,59.573056521392445
2025-10-01 11:38:37.202,1286,38,3,8,3,-4.0,-4.0,1.0,4.0,4.0,1.0,-3.7620619958639137,-3.987252148101106,1.0,-3.2375067065047447,-2.7240069541559704,1.0,cylinder,static_obs_1,1.3152301165637452,67.5,0.5669341087341309,-0.33286187052726746,0.7207875847816467,-0.25034672021865845,11.264977848715558
2025-10-01 11:38:37.209,1286,39,3,8,3,-4.0,-4.0,1.0,4.0,4.0,1.0,-3.7558263975381845,-3.9836377856228498,1.0,-3.2375067065047447,-2.7240069541559704,1.0,cylinder,static_obs_1,1.3095046208768675,67.5,0.7207875847816467,-0.25034672021865845,0.623559832572937,0.36143624782562256,49.251356825379105
2025-10-01 11:38:37.215,1286,40,3,8,3,-4.0,-4.0,1.0,4.0,4.0,1.0,-3.748556929826736,-3.981700210580602,1.0,-3.2375067065047447,-2.7240069541559704,1.0,cylinder,static_obs_1,1.3049326300973456,67.5,0.623559832572937,0.36143624782562256,0.7269467711448669,0.19375750422477722,15.173594303948141
2025-10-01 11:38:37.221,1286,41,3,8,3,-4.0,-4.0,1.0,4.0,4.0,1.0,-3.744021170735359,-3.97458845318295,1.0,-3.2375067065047447,-2.7240069541559704,1.0,cylinder,static_obs_1,1.2966264631400002,67.5,0.7269467711448669,0.19375750422477722,0.45357590913772583,0.7111757397651672,42.54652647024314
2025-10-01 11:38:37.228,1286,42,3,8,3,-4.0,-4.0,1.0,4.0,4.0,1.0,-3.7361110687255854,-3.965466272840276,1.0,-3.2375067065047447,-2.7240069541559704,1.0,cylinder,static_obs_1,1.2851716024420685,67.5,0.45357590913772583,0.7111757397651672,0.7910102009773254,0.9122180342674255,8.400444094388194
2025-10-01 11:38:37.235,1286,43,3,8,3,-4.0,-4.0,1.0,4.0,4.0,1.0,-3.7313268965482704,-3.9630983120296146,1.0,-3.2375067065047447,-2.7240069541559704,1.0,cylinder,static_obs_1,1.2811530684854693,67.5,0.7910102009773254,0.9122180342674255,0.47841721773147583,0.2367960810661316,22.737067514814225
2025-10-01 11:38:37.246,1286,44,3,8,3,-4.0,-4.0,1.0,4.0,4.0,1.0,-3.725827412605285,-3.9620986175630235,1.0,-3.2375067065047447,-2.7240069541559704,1.0,cylinder,static_obs_1,1.2781249098374825,67.5,0.47841721773147583,0.2367960810661316,0.5499483942985535,0.09996944665908813,16.030732236784
2025-10-01 11:38:37.254,1286,45,3,8,3,-4.0,-4.0,1.0,4.0,4.0,1.0,-3.716131503582,-3.959936411539092,1.0,-3.2375067065047447,-2.7240069541559704,1.0,cylinder,static_obs_1,1.2724168282019694,67.5,0.5499483942985535,0.09996944665908813,0.9695909023284912,0.21622060239315033,2.2686586645038287
2025-10-01 11:38:37.259,1286,46,3,8,3,-4.0,-4.0,1.0,4.0,4.0,1.0,-3.707550331950187,-3.957178633967414,1.0,-3.2375067065047447,-2.7240069541559704,1.0,cylinder,static_obs_1,1.2665851017345011,67.5,0.9695909023284912,0.21622060239315033,0.8581171631813049,0.27577775716781616,5.244758219512511
2025-10-01 11:38:37.263,1286,47,3,8,3,-4.0,-4.0,1.0,4.0,4.0,1.0,-3.701101948618888,-3.9553760126326227,1.0,-3.2375067065047447,-2.7240069541559704,1.0,cylinder,static_obs_1,1.262452007311992,67.5,0.8581171631813049,0.27577775716781616,0.6448383331298828,0.18026213347911835,2.197992939462481
2025-10-01 11:38:37.269,1286,48,3,8,3,-4.0,-4.0,1.0,4.0,4.0,1.0,-3.6960849153995503,-3.954393721381202,1.0,-3.2375067065047447,-2.7240069541559704,1.0,cylinder,static_obs_1,1.2596245530371737,67.5,0.6448383331298828,0.18026213347911835,0.5017033219337463,0.09822912514209747,4.540257783112081
2025-10-01 11:38:37.276,1286,49,3,8,3,-4.0,-4.0,1.0,4.0,4.0,1.0,-3.690023549199103,-3.9514953644666817,1.0,-3.2375067065047447,-2.7240069541559704,1.0,cylinder,static_obs_1,1.254627235983527,67.5,0.5017033219337463,0.09822912514209747,0.6061366200447083,0.28983569145202637,14.477799725781795
2025-10-01 11:38:37.516,1286,104,3,8,3,-4.0,-4.0,1.0,4.0,4.0,1.0,-3.2887116912007306,-3.928630299763752,1.0,-3.2375067065047447,-2.7240069541559704,1.0,cylinder,static_obs_1,1.1520284643451357,90.0,0.692916214466095,0.2895520329475403,0.6291773915290833,-0.018715985119342804,24.382668324561056
2025-10-01 11:38:37.519,1286,105,3,8,3,-4.0,-4.0,1.0,4.0,4.0,1.0,-3.286340907514093,-3.9265477820206414,1.0,-3.2375067065047447,-2.7240069541559704,1.0,cylinder,static_obs_1,1.149945946602025,90.0,0.6291773915290833,-0.018715985119342804,0.23707836866378784,0.20825177431106567,43.00022414286494
2025-10-01 11:38:37.528,1286,106,3,8,3,-4.0,-4.0,1.0,4.0,4.0,1.0,-3.2776424893736813,-3.9304049887228736,1.0,-3.2375067065047447,-2.7240069541559704,1.0,cylinder,static_obs_1,1.1538031533042572,90.0,0.23707836866378784,0.20825177431106567,0.8698418140411377,-0.3857206702232361,65.2106674201595
2025-10-01 11:38:37.534,1286,107,3,8,3,-4.0,-4.0,1.0,4.0,4.0,1.0,-3.2669513520598383,-3.9294198848027713,1.0,-3.2375067065047447,-2.7240069541559704,1.0,cylinder,static_obs_1,1.1528180493841549,90.0,0.8698418140411377,-0.3857206702232361,1.0691137313842773,0.09851039201021194,29.178792933182343
2025-10-01 11:38:37.541,1286,108,3,8,3,-4.0,-4.0,1.0,4.0,4.0,1.0,-3.262365220785138,-3.9251000012177952,1.0,-3.2375067065047447,-2.7240069541559704,1.0,cylinder,static_obs_1,1.1484981657991788,90.0,1.0691137313842773,0.09851039201021194,0.4586131274700165,0.43198835849761963,38.02314875478149
2025-10-01 11:38:37.547,1286,109,3,8,3,-4.0,-4.0,1.0,4.0,4.0,1.0,-3.2549199038743946,-3.925164290042592,1.0,-3.2375067065047447,-2.7240069541559704,1.0,cylinder,static_obs_1,1.1485624546239754,90.0,0.4586131274700165,0.43198835849761963,0.7445316910743713,-0.006428882479667664,43.78236271531851
2025-10-01 11:38:37.554,1286,110,3,8,3,-4.0,-4.0,1.0,4.0,4.0,1.0,-3.2475327032804464,-3.922688247086478,1.0,-3.2375067065047447,-2.7240069541559704,1.0,cylinder,static_obs_1,1.1460864116678615,90.0,0.7445316910743713,-0.006428882479667664,0.7387200593948364,0.24760429561138153,19.024854313105184
2025-10-01 11:38:37.561,1286,111,3,8,3,-4.0,-4.0,1.0,4.0,4.0,1.0,-3.2363955467939354,-3.9146644688863286,1.0,-3.2375067065047447,-2.7240069541559704,1.0,cylinder,static_obs_1,1.1380626334677122,90.0,0.7387200593948364,0.24760429561138153,1.113715648651123,0.8023778200149536,17.24078184676706
2025-10-01 11:38:37.567,1286,112,3,8,3,-4.0,-4.0,1.0,4.0,4.0,1.0,-3.2267780935764288,-3.9120268501061926,1.0,-3.2375067065047447,-2.7240069541559704,1.0,cylinder,static_obs_1,1.1354250146875762,90.0,1.113715648651123,0.8023778200149536,0.9617453217506409,0.26376187801361084,20.4344392124745
2025-10-01 11:38:37.572,1286,113,3,8,3,-4.0,-4.0,1.0,4.0,4.0,1.0,-3.2194007140398,-3.9083322758693226,1.0,-3.2375067065047447,-2.7240069541559704,1.0,cylinder,static_obs_1,1.1317304404507063,90.0,0.9617453217506409,0.26376187801361084,0.7377379536628723,0.3694574236869812,11.26512885561184
2025-10-01 11:38:37.577,1286,114,3,8,3,-4.0,-4.0,1.0,4.0,4.0,1.0,-3.215151094496248,-3.9066310396511086,1.0,-3.2375067065047447,-2.7240069541559704,1.0,cylinder,static_obs_1,1.1300292042324922,90.0,0.7377379536628723,0.3694574236869812,0.42496195435523987,0.1701236218214035,4.784055568297344
2025-10-01 11:38:37.583,1286,115,3,8,3,-4.0,-4.0,1.0,4.0,4.0,1.0,-3.2032680431008314,-3.9096184971649177,1.0,-3.2375067065047447,-2.7240069541559704,1.0,cylinder,static_obs_1,1.1330166617463013,90.0,0.42496195435523987,0.1701236218214035,1.188305139541626,-0.2987457513809204,35.92952390669957
2025-10-01 11:38:37.588,1286,116,3,8,3,-4.0,-4.0,1.0,4.0,4.0,1.0,-3.196191776096818,-3.906132808299733,1.0,-3.2375067065047447,-2.7240069541559704,1.0,cylinder,static_obs_1,1.1295309728811165,90.0,1.188305139541626,-0.2987457513809204,0.7076267004013062,0.3485688865184784,40.33631319852498
2025-10-01 11:38:37.591,1286,117,3,8,3,-4.0,-4.0,1.0,4.0,4.0,1.0,-3.1855036643147443,-3.9064557763654717,1.0,-3.2375067065047447,-2.7240069541559704,1.0,cylinder,static_obs_1,1.1298539409468553,90.0,0.7076267004013062,0.3485688865184784,1.0688111782073975,-0.0322968065738678,27.955143010573188
2025-10-01 11:38:37.841,1286,167,3,8,3,-4.0,-4.0,1.0,4.0,4.0,1.0,-2.818604566156861,-3.855589919434858,1.0,-3.2375067065047447,-2.7240069541559704,1.0,cylinder,static_obs_1,1.153158368590359,112.5,0.4438304901123047,0.1022382378578186,0.876434862613678,0.2437688708305359,2.5711711172981513
2025-10-01 11:38:37.849,1286,168,3,8,3,-4.0,-4.0,1.0,4.0,4.0,1.0,-2.8142620772123306,-3.8563295820821053,1.0,-3.2375067065047447,-2.7240069541559704,1.0,cylinder,static_obs_1,1.1555035263454143,112.5,0.876434862613678,0.2437688708305359,0.4342488944530487,-0.07396626472473145,25.209715429922856
2025-10-01 11:38:37.855,1286,169,3,8,3,-4.0,-4.0,1.0,4.0,4.0,1.0,-2.8082024139165846,-3.8578282872308023,1.0,-3.2375067065047447,-2.7240069541559704,1.0,cylinder,static_obs_1,1.1592070821065574,112.5,0.4342488944530487,-0.07396626472473145,0.605966329574585,-0.14987051486968994,4.225388533676286
2025-10-01 11:38:37.863,1286,170,3,8,3,-4.0,-4.0,1.0,4.0,4.0,1.0,-2.8005315870046585,-3.8602244100440273,1.0,-3.2375067065047447,-2.7240069541559704,1.0,cylinder,static_obs_1,1.1643563093028138,112.5,0.605966329574585,-0.14987051486968994,0.767082691192627,-0.23961228132247925,3.4552547040958888
2025-10-01 11:38:37.867,1286,171,3,8,3,-4.0,-4.0,1.0,4.0,4.0,1.0,-2.795360822081563,-3.860854818345977,1.0,-3.2375067065047447,-2.7240069541559704,1.0,cylinder,static_obs_1,1.1669174966988336,112.5,0.767082691192627,-0.23961228132247925,0.5170764923095703,-0.0630408301949501,10.396076567543549
2025-10-01 11:38:37.875,1286,172,3,8,3,-4.0,-4.0,1.0,4.0,4.0,1.0,-2.7860267478227585,-3.8626870733220113,1.0,-3.2375067065047447,-2.7240069541559704,1.0,cylinder,static_obs_1,1.1721822751448436,112.5,0.5170764923095703,-0.0630408301949501,0.9334074258804321,-0.18322549760341644,4.154735838046656
2025-10-01 11:38:37.883,1286,173,3,8,3,-4.0,-4.0,1.0,4.0,4.0,1.0,-2.778848023414609,-3.86063582790084,1.0,-3.2375067065047447,-2.7240069541559704,1.0,cylinder,static_obs_1,1.1730343503805798,112.5,0.9334074258804321,-0.18322549760341644,0.7178724408149719,0.20512454211711884,27.05254049251635
2025-10-01 11:38:37.890,1286,174,3,8,3,-4.0,-4.0,1.0,4.0,4.0,1.0,-2.76921190857887,-3.864898144127799,1.0,-3.2375067065047447,-2.7240069541559704,1.0,cylinder,static_obs_1,1.1806597986037628,112.5,0.7178724408149719,0.20512454211711884,0.9636114835739136,-0.42623162269592285,39.80784638971883
2025-10-01 11:38:37.897,1286,175,3,8,3,-4.0,-4.0,1.0,4.0,4.0,1.0,-2.7584401834011048,-3.8629308144468797,1.0,-3.2375067065047447,-2.7240069541559704,1.0,cylinder,static_obs_1,1.18296438374138,112.5,0.9636114835739136,-0.42623162269592285,1.0771725177764893,0.19673296809196472,34.21143875231555
2025-10-01 11:38:37.902,1286,176,3,8,3,-4.0,-4.0,1.0,4.0,4.0,1.0,-2.753063079714772,-3.8658692951221,1.0,-3.2375067065047447,-2.7240069541559704,1.0,cylinder,static_obs_1,1.1877369143887646,112.5,1.0771725177764893,0.19673296809196472,0.5377103686332703,-0.29384806752204895,39.006056790150005
2025-10-01 11:38:37.915,1286,177,3,8,3,-4.0,-4.0,1.0,4.0,4.0,1.0,-2.7460470592975588,-3.864743520738555,1.0,-3.2375067065047447,-2.7240069541559704,1.0,cylinder,static_obs_1,1.1893817492523848,112.5,0.5377103686332703,-0.29384806752204895,0.701602041721344,0.11257743835449219,37.77157456125175
2025-10-01 11:38:37.925,1286,178,3,8,3,-4.0,-4.0,1.0,4.0,4.0,1.0,-2.739160379767415,-3.8617917717713843,1.0,-3.2375067065047447,-2.7240069541559704,1.0,cylinder,static_obs_1,1.1892901069566981,112.5,0.701602041721344,0.11257743835449219,0.6886679530143738,0.29517489671707153,14.08495985764064
2025-10-01 11:38:37.931,1286,179,3,8,3,-4.0,-4.0,1.0,4.0,4.0,1.0,-2.7322426909208266,-3.8646737818140515,1.0,-3.2375067065047447,-2.7240069541559704,1.0,cylinder,static_obs_1,1.1946000219594564,112.5,0.6886679530143738,0.29517489671707153,0.6917688846588135,-0.2882010042667389,45.81812581529693
2025-10-01 11:38:37.940,1286,180,3,8,3,-4.0,-4.0,1.0,4.0,4.0,1.0,-2.723029873371121,-3.8657516301888952,1.0,-3.2375067065047447,-2.7240069541559704,1.0,cylinder,static_obs_1,1.1991214166537998,112.5,0.6917688846588135,-0.2882010042667389,0.9212817549705505,-0.10778483748435974,15.94437023985212
2025-10-01 11:38:37.947,1286,181,3,8,3,-4.0,-4.0,1.0,4.0,4.0,1.0,-2.716918277144429,-3.859376689316703,1.0,-3.2375067065047447,-2.7240069541559704,1.0,cylinder,static_obs_1,1.1955705458822719,112.5,0.9212817549705505,-0.10778483748435974,0.61115962266922,0.6374940872192383,52.881157144727375
2025-10-01 11:38:38.395,1286,245,3,8,3,-4.0,-4.0,1.0,4.0,4.0,1.0,-2.2488758903741815,-3.7842851702216986,1.0,-3.2375067065047447,-2.7240069541559704,1.0,cylinder,static_obs_1,1.396202589437718,135.0,1.1231014728546143,0.022817134857177734,0.7512045502662659,0.8299753665924072,46.68811725222201
2025-10-01 11:38:38.405,1286,246,3,8,3,-4.0,-4.0,1.0,4.0,4.0,1.0,-2.242141239047048,-3.780547303343189,1.0,-3.2375067065047447,-2.7240069541559704,1.0,cylinder,static_obs_1,1.3983216360430941,135.0,0.7512045502662659,0.8299753665924072,0.6734651327133179,0.37378668785095215,18.820833387057508
2025-10-01 11:38:38.413,1286,247,3,8,3,-4.0,-4.0,1.0,4.0,4.0,1.0,-2.23341473162174,-3.779291894519699,1.0,-3.2375067065047447,-2.7240069541559704,1.0,cylinder,static_obs_1,1.403604500527353,135.0,0.6734651327133179,0.37378668785095215,0.8726507425308228,0.12554088234901428,20.844663946475837
2025-10-01 11:38:38.423,1286,248,3,8,3,-4.0,-4.0,1.0,4.0,4.0,1.0,-2.225376401543615,-3.7778957771602992,1.0,-3.2375067065047447,-2.7240069541559704,1.0,cylinder,static_obs_1,1.4083012541828472,135.0,0.8726507425308228,0.12554088234901428,0.8038330078125,0.13961173593997955,1.666494389681449
2025-10-01 11:38:38.430,1286,249,3,8,3,-4.0,-4.0,1.0,4.0,4.0,1.0,-2.2147390538454035,-3.7722154974285487,1.0,-3.2375067065047447,-2.7240069541559704,1.0,cylinder,static_obs_1,1.4118064305567344,135.0,0.8038330078125,0.13961173593997955,1.063734769821167,0.5680279731750488,18.24896328852121
2025-10-01 11:38:38.439,1286,250,3,8,3,-4.0,-4.0,1.0,4.0,4.0,1.0,-2.206402583122251,-3.77118290566839,1.0,-3.2375067065047447,-2.7240069541559704,1.0,cylinder,static_obs_1,1.4169710529004331,135.0,1.063734769821167,0.5680279731750488,0.8336470723152161,0.10325917601585388,21.041006929697502
2025-10-01 11:38:38.447,1286,251,3,8,3,-4.0,-4.0,1.0,4.0,4.0,1.0,-2.1990783196687675,-3.7731269418541316,1.0,-3.2375067065047447,-2.7240069541559704,1.0,cylinder,static_obs_1,1.423524730425398,135.0,0.8336470723152161,0.10325917601585388,0.7324263453483582,-0.19440361857414246,21.925872562889303
2025-10-01 11:38:38.457,1286,252,3,8,3,-4.0,-4.0,1.0,4.0,4.0,1.0,-2.1878989082574822,-3.7692378228250862,1.0,-3.2375067065047447,-2.7240069541559704,1.0,cylinder,static_obs_1,1.4286797456057123,135.0,0.7324263453483582,-0.19440361857414246,1.11794114112854,0.3889119029045105,34.04681012861425
2025-10-01 11:38:38.466,1286,253,3,8,3,-4.0,-4.0,1.0,4.0,4.0,1.0,-2.1836318171024303,-3.7669197999779107,1.0,-3.2375067065047447,-2.7240069541559704,1.0,cylinder,static_obs_1,1.4300579450232076,135.0,1.11794114112854,0.3889119029045105,0.4267091155052185,0.23180228471755981,9.33037012499699
2025-10-01 11:38:38.475,1286,254,3,8,3,-4.0,-4.0,1.0,4.0,4.0,1.0,-2.1728338301181775,-3.766195336217058,1.0,-3.2375067065047447,-2.7240069541559704,1.0,cylinder,static_obs_1,1.4371810016049138,135.0,0.4267091155052185,0.23180228471755981,1.079798698425293,0.07244637608528137,24.67388609332769
2025-10-01 11:38:38.484,1286,255,3,8,3,-4.0,-4.0,1.0,4.0,4.0,1.0,-2.164997519850729,-3.765679893428457,1.0,-3.2375067065047447,-2.7240069541559704,1.0,cylinder,static_obs_1,1.442357636643375,135.0,1.079798698425293,0.07244637608528137,0.7836310267448425,0.05154427886009216,0.07508550817888981
2025-10-01 11:38:38.492,1286,256,3,8,3,-4.0,-4.0,1.0,4.0,4.0,1.0,-2.1538747328519805,-3.765482114115727,1.0,-3.2375067065047447,-2.7240069541559704,1.0,cylinder,static_obs_1,1.450082783662674,135.0,0.7836310267448425,0.05154427886009216,1.112278699874878,0.01977793127298355,2.7445833295804474
2025-10-01 11:38:38.499,1286,257,3,8,3,-4.0,-4.0,1.0,4.0,4.0,1.0,-2.1467561382055265,-3.7622825609240653,1.0,-3.2375067065047447,-2.7240069541559704,1.0,cylinder,static_obs_1,1.4528539644511087,135.0,1.112278699874878,0.01977793127298355,0.7118594646453857,0.31995531916618347,23.183514256640443
2025-10-01 11:38:38.507,1286,258,3,8,3,-4.0,-4.0,1.0,4.0,4.0,1.0,-2.1373524928092937,-3.757740683713925,1.0,-3.2375067065047447,-2.7240069541559704,1.0,cylinder,static_obs_1,1.4562917537040518,135.0,0.7118594646453857,0.31995531916618347,0.9403645396232605,0.4541877210140228,1.577920904522476
2025-10-01 11:38:45.065,1302,217,3,17,3,-4.0,-4.0,1.0,4.0,4.0,1.0,-2.547367669045924,-3.823607029356063,1.0,-1.1309530728188446,-3.2029796675214603,1.0,cylinder,static_obs_1,1.4946231091839806,22.5,0.7494256496429443,-0.4986932873725891,1.103670358657837,0.1967688351869583,43.74995871862542
2025-10-01 11:38:45.065,1302,218,3,17,3,-4.0,-4.0,1.0,4.0,4.0,1.0,-2.5400856813788404,-3.8255380320921546,1.0,-1.1309530728188446,-3.2029796675214603,1.0,cylinder,static_obs_1,1.4886343925773162,22.5,1.103670358657837,0.1967688351869583,0.728198766708374,-0.19310027360916138,24.960423094492906
2025-10-01 11:38:45.065,1302,219,3,17,3,-4.0,-4.0,1.0,4.0,4.0,1.0,-2.534517771899699,-3.8243897829577334,1.0,-1.1309530728188446,-3.2029796675214603,1.0,cylinder,static_obs_1,1.4830508990506914,22.5,0.728198766708374,-0.19310027360916138,0.5567909479141235,0.11482491344213486,26.50414340956297
2025-10-01 11:38:45.087,1302,220,3,17,3,-4.0,-4.0,1.0,4.0,4.0,1.0,-2.5306124520301805,-3.8266931850835686,1.0,-1.1309530728188446,-3.2029796675214603,1.0,cylinder,static_obs_1,1.4803243277869653,22.5,0.5567909479141235,0.11482491344213486,0.390531986951828,-0.23034021258354187,42.185123633499614
2025-10-01 11:38:45.093,1302,221,3,17,3,-4.0,-4.0,1.0,4.0,4.0,1.0,-2.5236337083578095,-3.8259350759163504,1.0,-1.1309530728188446,-3.2029796675214603,1.0,cylinder,static_obs_1,1.4735866935272006,22.5,0.390531986951828,-0.23034021258354187,0.6978743672370911,0.07581091672182083,36.73238497289283
2025-10-01 11:38:45.099,1302,222,3,17,3,-4.0,-4.0,1.0,4.0,4.0,1.0,-2.516164296865462,-3.8238294938579207,1.0,-1.1309530728188446,-3.2029796675214603,1.0,cylinder,static_obs_1,1.4658800857602698,22.5,0.6978743672370911,0.07581091672182083,0.7469411492347717,0.2105582058429718,9.543027110588712
2025-10-01 11:38:45.103,1302,223,3,17,3,-4.0,-4.0,1.0,4.0,4.0,1.0,-2.5081903576850877,-3.820201712585986,1.0,-1.1309530728188446,-3.2029796675214603,1.0,cylinder,static_obs_1,1.4571248347690187,22.5,0.7469411492347717,0.2105582058429718,0.7973939180374146,0.3627781271934509,8.720561529219305
2025-10-01 11:38:45.108,1302,224,3,17,3,-4.0,-4.0,1.0,4.0,4.0,1.0,-2.5025305187702163,-3.82211034167558,1.0,-1.1309530728188446,-3.2029796675214603,1.0,cylinder,static_obs_1,1.4526262261693756,22.5,0.7973939180374146,0.3627781271934509,0.5659838914871216,-0.19086290895938873,43.0986864791291
2025-10-01 11:38:45.112,1302,225,3,17,3,-4.0,-4.0,1.0,4.0,4.0,1.0,-2.4938514930009825,-3.8216172488033777,1.0,-1.1309530728188446,-3.2029796675214603,1.0,cylinder,static_obs_1,1.4444191534262336,22.5,0.5659838914871216,-0.19086290895938873,0.8679025769233704,0.04930928722023964,21.88702530633039
2025-10-01 11:38:45.465,1302,324,3,17,3,-4.0,-4.0,1.0,4.0,4.0,1.0,-1.7339503458142251,-3.737187795415521,1.0,-1.1309530728188446,-3.2029796675214603,1.0,cylinder,static_obs_1,0.7526484957038775,45.0,0.48191946744918823,0.10042005032300949,0.46148812770843506,-0.2018977701663971,35.39962152561808
2025-10-01 11:38:45.477,1302,325,3,17,3,-4.0,-4.0,1.0,4.0,4.0,1.0,-1.7272444865107508,-3.737633296400309,1.0,-1.1309530728188446,-3.2029796675214603,1.0,cylinder,static_obs_1,0.7482217538840766,45.0,0.46148812770843506,-0.2018977701663971,0.6705859303474426,-0.0445500984787941,19.828199122152824
2025-10-01 11:38:45.483,1302,326,3,17,3,-4.0,-4.0,1.0,4.0,4.0,1.0,-1.7239262285828563,-3.731299837380648,1.0,-1.1309530728188446,-3.2029796675214603,1.0,cylinder,static_obs_1,0.741396959380367,45.0,0.6705859303474426,-0.0445500984787941,0.33182579278945923,0.633345901966095,66.14966638223618
2025-10-01 11:38:45.490,1302,327,3,17,3,-4.0,-4.0,1.0,4.0,4.0,1.0,-1.7185912957787486,-3.7311318397894504,1.0,-1.1309530728188446,-3.2029796675214603,1.0,cylinder,static_obs_1,0.7375057999814492,45.0,0.33182579278945923,0.633345901966095,0.5334932804107666,0.01679975911974907,60.545176117650406
2025-10-01 11:38:45.490,1302,328,3,17,3,-4.0,-4.0,1.0,4.0,4.0,1.0,-1.714640493988988,-3.7298093274608255,1.0,-1.1309530728188446,-3.2029796675214603,1.0,cylinder,static_obs_1,0.733777003809012,45.0,0.5334932804107666,0.01679975911974907,0.39508017897605896,0.13225123286247253,16.704073635783175
2025-10-01 11:38:45.495,1302,329,3,17,3,-4.0,-4.0,1.0,4.0,4.0,1.0,-1.7051492977142306,-3.7267655480280517,1.0,-1.1309530728188446,-3.2029796675214603,1.0,cylinder,static_obs_1,0.724913437484208,45.0,0.39508017897605896,0.13225123286247253,0.9491196274757385,0.304377943277359,0.7269403192577057
2025-10-01 11:38:45.505,1302,330,3,17,3,-4.0,-4.0,1.0,4.0,4.0,1.0,-1.7006471446156475,-3.7232214883342385,1.0,-1.1309530728188446,-3.2029796675214603,1.0,cylinder,static_obs_1,0.7192239058558346,45.0,0.9491196274757385,0.304377943277359,0.45021530985832214,0.3544059693813324,20.428757053414774
2025-10-01 11:38:45.505,1302,331,3,17,3,-4.0,-4.0,1.0,4.0,4.0,1.0,-1.6925709751248332,-3.729135728813708,1.0,-1.1309530728188446,-3.2029796675214603,1.0,cylinder,static_obs_1,0.7176951911914689,45.0,0.45021530985832214,0.3544059693813324,0.8076169490814209,-0.5914240479469299,74.42514669739523
2025-10-01 11:38:45.513,1302,332,3,17,3,-4.0,-4.0,1.0,4.0,4.0,1.0,-1.6848631295561762,-3.72348356757313,1.0,-1.1309530728188446,-3.2029796675214603,1.0,cylinder,static_obs_1,0.7082482397799604,45.0,0.8076169490814209,-0.5914240479469299,0.7707845568656921,0.5652161240577698,72.46818877308314
2025-10-01 11:38:45.515,1302,333,3,17,3,-4.0,-4.0,1.0,4.0,4.0,1.0,-1.6781807902455301,-3.7236068081110716,1.0,-1.1309530728188446,-3.2029796675214603,1.0,cylinder,static_obs_1,0.7036102565593086,45.0,0.7707845568656921,0.5652161240577698,0.6682339310646057,-0.012324053794145584,37.30915695324685
2025-10-01 11:38:45.515,1302,334,3,17,3,-4.0,-4.0,1.0,4.0,4.0,1.0,-1.6711328539252253,-3.7260840230435135,1.0,-1.1309530728188446,-3.2029796675214603,1.0,cylinder,static_obs_1,0.7003782684710363,45.0,0.6682339310646057,-0.012324053794145584,0.7047936320304871,-0.24772149324417114,18.309029933564034
2025-10-01 11:38:45.515,1302,335,3,17,3,-4.0,-4.0,1.0,4.0,4.0,1.0,-1.662873983681199,-3.723131676539779,1.0,-1.1309530728188446,-3.2029796675214603,1.0,cylinder,static_obs_1,0.6924507410833424,45.0,0.7047936320304871,-0.24772149324417114,0.8258870244026184,0.29523465037345886,39.036342512778376
2025-10-01 11:38:45.530,1302,336,3,17,3,-4.0,-4.0,1.0,4.0,4.0,1.0,-1.6511409893631905,-3.7211834197491407,1.0,-1.1309530728188446,-3.2029796675214603,1.0,cylinder,static_obs_1,0.6827766356493024,45.0,0.8258870244026184,0.29523465037345886,1.1732994318008423,0.194825679063797,10.242833686075848
2025-10-01 11:38:45.535,1302,337,3,17,3,-4.0,-4.0,1.0,4.0,4.0,1.0,-1.6440885654091806,-3.718131841942668,1.0,-1.1309530728188446,-3.2029796675214603,1.0,cylinder,static_obs_1,0.6756320274873443,45.0,1.1732994318008423,0.194825679063797,0.705242395401001,0.30515778064727783,13.970185386810309
2025-10-01 11:38:45.535,1302,338,3,17,3,-4.0,-4.0,1.0,4.0,4.0,1.0,-1.6373089835047692,-3.716909872069955,1.0,-1.1309530728188446,-3.2029796675214603,1.0,cylinder,static_obs_1,0.6699740759657244,45.0,0.705242395401001,0.30515778064727783,0.6779581904411316,0.1221969872713089,13.180653642301804
2025-10-01 11:38:45.545,1302,339,3,17,3,-4.0,-4.0,1.0,4.0,4.0,1.0,-1.62842082828283,-3.7178978069871667,1.0,-1.1309530728188446,-3.2029796675214603,1.0,cylinder,static_obs_1,0.664387776615384,45.0,0.6779581904411316,0.1221969872713089,0.8888155221939087,-0.09879349172115326,16.55993775636083
2025-10-01 11:38:45.545,1302,340,3,17,3,-4.0,-4.0,1.0,4.0,4.0,1.0,-1.6210802289843529,-3.718360452540219,1.0,-1.1309530728188446,-3.2029796675214603,1.0,cylinder,static_obs_1,0.6595243288813067,45.0,0.8888155221939087,-0.09879349172115326,0.7340599298477173,-0.04626455530524254,2.736167646046365
2025-10-01 11:38:45.545,1302,341,3,17,3,-4.0,-4.0,1.0,4.0,4.0,1.0,-1.6125662025809258,-3.7208481574431067,1.0,-1.1309530728188446,-3.2029796675214603,1.0,cylinder,static_obs_1,0.6552630760826649,45.0,0.7340599298477173,-0.04626455530524254,0.8514026403427124,-0.24877049028873444,12.681452349564116
2025-10-01 11:38:45.545,1302,342,3,17,3,-4.0,-4.0,1.0,4.0,4.0,1.0,-1.6107197818160026,-3.7196044999733573,1.0,-1.1309530728188446,-3.2029796675214603,1.0,cylinder,static_obs_1,0.6530780608085309,45.0,0.8514026403427124,-0.24877049028873444,0.24882173668720836,0.16759398363891687,50.25003581016782
2025-10-01 11:38:45.545,1302,343,3,17,3,-4.0,-4.0,1.0,4.0,4.0,1.0,-1.6009015163779228,-3.723234032131732,1.0,-1.1309530728188446,-3.2029796675214603,1.0,cylinder,static_obs_1,0.6487019655394967,45.0,0.24882173668720836,0.16759398363891687,0.9818265438079834,-0.36295321583747864,54.25016635694324
2025-10-01 11:38:45.567,1302,344,3,17,3,-4.0,-4.0,1.0,4.0,4.0,1.0,-1.5936993023753134,-3.7210496661439545,1.0,-1.1309530728188446,-3.2029796675214603,1.0,cylinder,static_obs_1,0.6420646511761441,45.0,0.9818265438079834,-0.36295321583747864,0.7202214002609253,0.218436598777771,37.159986089247724
2025-10-01 11:38:45.573,1302,345,3,17,3,-4.0,-4.0,1.0,4.0,4.0,1.0,-1.5866047146916358,-3.721031839251519,1.0,-1.1309530728188446,-3.2029796675214603,1.0,cylinder,static_obs_1,0.6370354145987644,45.0,0.7202214002609253,0.218436598777771,0.7094587683677673,0.001782689243555069,16.72810386502585
2025-10-01 11:38:45.575,1302,346,3,17,3,-4.0,-4.0,1.0,4.0,4.0,1.0,-1.5802968266606299,-3.724156974852086,1.0,-1.1309530728188446,-3.2029796675214603,1.0,cylinder,static_obs_1,0.6347848687723631,45.0,0.7094587683677673,0.001782689243555069,0.6307888031005859,-0.3125135600566864,26.49930042417935
2025-10-01 11:38:45.655,1302,369,3,17,3,-4.0,-4.0,1.0,4.0,4.0,1.0,-1.3973084166645973,-3.7187074226886043,1.0,-1.1309530728188446,-3.2029796675214603,1.0,cylinder,static_obs_1,0.5269229396915799,67.5,0.36350882053375244,-0.24389192461967468,0.61803138256073,0.26122981309890747,56.77199905107805
2025-10-01 11:38:45.662,1302,370,3,17,3,-4.0,-4.0,1.0,4.0,4.0,1.0,-1.3878328922390906,-3.7162588388472804,1.0,-1.1309530728188446,-3.2029796675214603,1.0,cylinder,static_obs_1,0.5210346169863307,67.5,0.61803138256073,0.26122981309890747,0.9475524425506592,0.24485838413238525,8.423904308398184
2025-10-01 11:38:45.668,1302,371,3,17,3,-4.0,-4.0,1.0,4.0,4.0,1.0,-1.3772218504548042,-3.71275263555348,1.0,-1.1309530728188446,-3.2029796675214603,1.0,cylinder,static_obs_1,0.5137346376353848,67.5,0.9475524425506592,0.24485838413238525,1.06110417842865,0.3506203293800354,3.7961606977723577
2025-10-01 11:38:45.668,1302,372,3,17,3,-4.0,-4.0,1.0,4.0,4.0,1.0,-1.3713377264142006,-3.7159431070834406,1.0,-1.1309530728188446,-3.2029796675214603,1.0,cylinder,static_obs_1,0.5144304921966552,67.5,1.06110417842865,0.3506203293800354,0.5884124040603638,-0.31904715299606323,46.752386751548116
2025-10-01 11:38:45.677,1302,373,3,17,3,-4.0,-4.0,1.0,4.0,4.0,1.0,-1.3652457377314537,-3.7129488823562866,1.0,-1.1309530728188446,-3.2029796675214603,1.0,cylinder,static_obs_1,0.5093328861164556,67.5,0.5884124040603638,-0.31904715299606323,0.6091988682746887,0.2994224727153778,54.641507601379324
2025-10-01 11:38:45.684,1302,374,3,17,3,-4.0,-4.0,1.0,4.0,4.0,1.0,-1.3603687182068795,-3.7108848420530562,1.0,-1.1309530728188446,-3.2029796675214603,1.0,cylinder,static_obs_1,0.5055596069546471,67.5,0.6091988682746887,0.2994224727153778,0.487701952457428,0.20640403032302856,3.2352751916119216
2025-10-01 11:38:45.685,1302,375,3,17,3,-4.0,-4.0,1.0,4.0,4.0,1.0,-1.3568525275588006,-3.7101808387041095,1.0,-1.1309530728188446,-3.2029796675214603,1.0,cylinder,static_obs_1,0.5035636047636789,67.5,0.487701952457428,0.20640403032302856,0.35161906480789185,0.07040033489465714,11.617013129127953
2025-10-01 11:38:45.685,1302,376,3,17,3,-4.0,-4.0,1.0,4.0,4.0,1.0,-1.3479133036732645,-3.7118929708004003,1.0,-1.1309530728188446,-3.2029796675214603,1.0,cylinder,static_obs_1,0.5017245156852006,67.5,0.35161906480789185,0.07040033489465714,0.8939223885536194,-0.17121320962905884,22.164488740128824
2025-10-01 11:38:45.702,1302,377,3,17,3,-4.0,-4.0,1.0,4.0,4.0,1.0,-1.3406384071707695,-3.70945640206337,1.0,-1.1309530728188446,-3.2029796675214603,1.0,cylinder,static_obs_1,0.49668943733582593,67.5,0.8939223885536194,-0.17121320962905884,0.7274896502494812,0.24365687370300293,29.359723156858106
2025-10-01 11:38:45.707,1302,378,3,17,3,-4.0,-4.0,1.0,4.0,4.0,1.0,-1.3344176295399637,-3.7066207450628283,1.0,-1.1309530728188446,-3.2029796675214603,1.0,cylinder,static_obs_1,0.49168904333606633,67.5,0.7274896502494812,0.24365687370300293,0.6220777630805969,0.2835657000541687,5.988070301473096
2025-10-01 11:38:45.714,1302,379,3,17,3,-4.0,-4.0,1.0,4.0,4.0,1.0,-1.328010742366311,-3.7079330411553384,1.0,-1.1309530728188446,-3.2029796675214603,1.0,cylinder,static_obs_1,0.49044963726214164,67.5,0.6220777630805969,0.2835657000541687,0.6406887173652649,-0.13122960925102234,36.08077633119376
2025-10-01 11:38:45.720,1302,380,3,17,3,-4.0,-4.0,1.0,4.0,4.0,1.0,-1.3147783145308465,-3.7066456615924834,1.0,-1.1309530728188446,-3.2029796675214603,1.0,cylinder,static_obs_1,0.48419642273084773,67.5,0.6406887173652649,-0.13122960925102234,1.3232427835464478,0.12873795628547668,17.13235378696186
2025-10-01 11:38:45.725,1302,381,3,17,3,-4.0,-4.0,1.0,4.0,4.0,1.0,-1.3046868440508812,-3.702395061850548,1.0,-1.1309530728188446,-3.2029796675214603,1.0,cylinder,static_obs_1,0.4764075420674916,67.5,1.3232427835464478,0.12873795628547668,1.009147047996521,0.425059974193573,17.284371195183663
2025-10-01 11:38:45.732,1302,382,3,17,3,-4.0,-4.0,1.0,4.0,4.0,1.0,-1.2963050773739784,-3.7065159115195274,1.0,-1.1309530728188446,-3.2029796675214603,1.0,cylinder,static_obs_1,0.4770071474920172,67.5,1.009147047996521,0.425059974193573,0.8381766676902771,-0.4120849668979645,49.0219606065834
2025-10-01 11:38:45.738,1302,383,3,17,3,-4.0,-4.0,1.0,4.0,4.0,1.0,-1.2880408933758705,-3.7049558527767656,1.0,-1.1309530728188446,-3.2029796675214603,1.0,cylinder,static_obs_1,0.47240327485197176,67.5,0.8381766676902771,-0.4120849668979645,0.826418399810791,0.1560058742761612,36.870911473993594
2025-10-01 11:38:45.743,1302,384,3,17,3,-4.0,-4.0,1.0,4.0,4.0,1.0,-1.2835776689648597,-3.7033934909105297,1.0,-1.1309530728188446,-3.2029796675214603,1.0,cylinder,static_obs_1,0.46925183866435893,67.5,0.826418399810791,0.1560058742761612,0.4463224411010742,0.1562361866235733,8.602588776196487
2025-10-01 11:38:45.807,1302,400,3,17,3,-4.0,-4.0,1.0,4.0,4.0,1.0,-1.1770948413014384,-3.697134913802147,1.0,-1.1309530728188446,-3.2029796675214603,1.0,cylinder,static_obs_1,0.44267809141367387,90.0,0.8623671531677246,-0.05863814800977707,0.7564491629600525,0.07556094229221344,9.594233605151336
2025-10-01 11:38:45.815,1302,401,3,17,3,-4.0,-4.0,1.0,4.0,4.0,1.0,-1.1686305436491937,-3.6931383368372916,1.0,-1.1309530728188446,-3.2029796675214603,1.0,cylinder,static_obs_1,0.43868151444881853,90.0,0.7564491629600525,0.07556094229221344,0.8464297652244568,0.3996576964855194,19.570922160048998
2025-10-01 11:38:45.827,1302,402,3,17,3,-4.0,-4.0,1.0,4.0,4.0,1.0,-1.1608317121863336,-3.6886147648096084,1.0,-1.1309530728188446,-3.2029796675214603,1.0,cylinder,static_obs_1,0.43415794242113526,90.0,0.8464297652244568,0.3996576964855194,0.7798831462860107,0.4523572027683258,4.839888511453305
2025-10-01 11:38:45.832,1302,403,3,17,3,-4.0,-4.0,1.0,4.0,4.0,1.0,-1.1509075763821572,-3.683693044185638,1.0,-1.1309530728188446,-3.2029796675214603,1.0,cylinder,static_obs_1,0.42923622179716503,90.0,0.7798831462860107,0.4523572027683258,0.9924135804176331,0.4921720623970032,3.736710018068679
2025-10-01 11:38:45.839,1302,404,3,17,3,-4.0,-4.0,1.0,4.0,4.0,1.0,-1.1441840997338266,-3.6797641015052793,1.0,-1.1309530728188446,-3.2029796675214603,1.0,cylinder,static_obs_1,0.4253072791168062,90.0,0.9924135804176331,0.4921720623970032,0.6723476648330688,0.39289426803588867,3.9219858450226286
2025-10-01 11:38:45.845,1302,405,3,17,3,-4.0,-4.0,1.0,4.0,4.0,1.0,-1.1371772810816736,-3.680303782224655,1.0,-1.1309530728188446,-3.2029796675214603,1.0,cylinder,static_obs_1,0.42584695983618204,90.0,0.6723476648330688,0.39289426803588867,0.7006818652153015,-0.053968071937561035,34.70473440249093
2025-10-01 11:38:45.851,1302,406,3,17,3,-4.0,-4.0,1.0,4.0,4.0,1.0,-1.1295880499482125,-3.6795340506732463,1.0,-1.1309530728188446,-3.2029796675214603,1.0,cylinder,static_obs_1,0.42507722828477323,90.0,0.7006818652153015,-0.053968071937561035,0.7589231133460999,0.07697315514087677,10.1957256416074
2025-10-01 11:38:45.855,1302,407,3,17,3,-4.0,-4.0,1.0,4.0,4.0,1.0,-1.117278257906434,-3.673102053850889,1.0,-1.1309530728188446,-3.2029796675214603,1.0,cylinder,static_obs_1,0.41864523146241606,90.0,0.7589231133460999,0.07697315514087677,1.2309792041778564,0.6431996822357178,21.79617141722016
2025-10-01 11:38:45.855,1302,408,3,17,3,-4.0,-4.0,1.0,4.0,4.0,1.0,-1.1130137941241236,-3.671776111125946,1.0,-1.1309530728188446,-3.2029796675214603,1.0,cylinder,static_obs_1,0.41731928873747304,90.0,1.2309792041778564,0.6431996822357178,0.4264463782310486,0.1325942724943161,10.315593764254386
2025-10-01 11:38:45.867,1302,409,3,17,3,-4.0,-4.0,1.0,4.0,4.0,1.0,-1.1038505879044505,-3.674332294762135,1.0,-1.1309530728188446,-3.2029796675214603,1.0,cylinder,static_obs_1,0.41987547237366174,90.0,0.4264463782310486,0.1325942724943161,0.9163206219673157,-0.2556183636188507,32.85901763116966
2025-10-01 11:38:45.875,1302,410,3,17,3,-4.0,-4.0,1.0,4.0,4.0,1.0,-1.0951934972405406,-3.676818233430386,1.0,-1.1309530728188446,-3.2029796675214603,1.0,cylinder,static_obs_1,0.42236141104191294,90.0,0.9163206219673157,-0.2556183636188507,0.8657090663909912,-0.24859386682510376,0.43468921367346147
2025-10-01 11:38:45.875,1302,411,3,17,3,-4.0,-4.0,1.0,4.0,4.0,1.0,-1.086609742343423,-3.676595066040755,1.0,-1.1309530728188446,-3.2029796675214603,1.0,cylinder,static_obs_1,0.4221382436522818,90.0,0.8657090663909912,-0.24859386682510376,0.8583754897117615,0.022316738963127136,17.51104229688436
2025-10-01 11:38:45.925,1302,424,3,17,3,-4.0,-4.0,1.0,4.0,4.0,1.0,-0.9909718823432894,-3.6659847056865704,1.0,-1.1309530728188446,-3.2029796675214603,1.0,cylinder,static_obs_1,0.42985220578107647,112.5,0.2006381710298525,-0.22303435682826012,0.7273213267326355,-0.023496828973293304,46.175601371398635
2025-10-01 11:38:45.925,1302,425,3,17,3,-4.0,-4.0,1.0,4.0,4.0,1.0,-0.9823810452222795,-3.6653468720614923,1.0,-1.1309530728188446,-3.2029796675214603,1.0,cylinder,static_obs_1,0.4325504953860768,112.5,0.7273213267326355,-0.023496828973293304,0.8590837121009827,0.06378336250782013,6.096533308428945
2025-10-01 11:38:45.935,1302,426,3,17,3,-4.0,-4.0,1.0,4.0,4.0,1.0,-0.9794493621587724,-3.664542805254461,1.0,-1.1309530728188446,-3.2029796675214603,1.0,cylinder,static_obs_1,0.43292954105763826,112.5,0.8590837121009827,0.06378336250782013,0.293168306350708,0.08040668070316315,11.091070920673593
2025-10-01 11:38:45.941,1302,427,3,17,3,-4.0,-4.0,1.0,4.0,4.0,1.0,-0.9744024509191485,-3.6611846721172348,1.0,-1.1309530728188446,-3.2029796675214603,1.0,cylinder,static_obs_1,0.4317583999007284,112.5,0.293168306350708,0.08040668070316315,0.5046911239624023,0.3358133137226105,18.30190064443196
2025-10-01 11:38:45.947,1302,428,3,17,3,-4.0,-4.0,1.0,4.0,4.0,1.0,-0.9697945961356135,-3.660770302563907,1.0,-1.1309530728188446,-3.2029796675214603,1.0,cylinder,static_obs_1,0.4331389220359162,112.5,0.5046911239624023,0.3358133137226105,0.46078547835350037,0.04143695533275604,28.500548888139594
2025-10-01 11:38:45.947,1302,429,3,17,3,-4.0,-4.0,1.0,4.0,4.0,1.0,-0.9625167176127406,-3.659295551180841,1.0,-1.1309530728188446,-3.2029796675214603,1.0,cylinder,static_obs_1,0.434561552951028,112.5,0.46078547835350037,0.04143695533275604,0.7277878522872925,0.14747513830661774,6.316411567284863
2025-10-01 11:38:45.957,1302,430,3,17,3,-4.0,-4.0,1.0,4.0,4.0,1.0,-0.9556266984343501,-3.656657114923002,1.0,-1.1309530728188446,-3.2029796675214603,1.0,cylinder,static_obs_1,0.43476065188282237,112.5,0.7277878522872925,0.14747513830661774,0.6890019178390503,0.2638436257839203,9.498626293130963
2025-10-01 11:38:45.957,1302,431,3,17,3,-4.0,-4.0,1.0,4.0,4.0,1.0,-0.945261037051675,-3.655965247601272,1.0,-1.1309530728188446,-3.2029796675214603,1.0,cylinder,static_obs_1,0.4380882167017192,112.5,0.6890019178390503,0.2638436257839203,1.036566138267517,0.069186732172966,17.13503598024288
2025-10-01 11:38:45.965,1302,432,3,17,3,-4.0,-4.0,1.0,4.0,4.0,1.0,-0.9308837589621517,-3.656239916253836,1.0,-1.1309530728188446,-3.2029796675214603,1.0,cylinder,static_obs_1,0.4438439235754118,112.5,1.036566138267517,0.069186732172966,1.4377278089523315,-0.02746686525642872,4.913070929478568
2025-10-01 11:38:45.970,1302,433,3,17,3,-4.0,-4.0,1.0,4.0,4.0,1.0,-0.9219819787144634,-3.6563896654732537,1.0,-1.1309530728188446,-3.2029796675214603,1.0,cylinder,static_obs_1,0.44738883763358633,112.5,1.4377278089523315,-0.02746686525642872,0.8901780247688293,-0.014974921941757202,0.13070483971268218
2025-10-01 11:38:45.975,1302,434,3,17,3,-4.0,-4.0,1.0,4.0,4.0,1.0,-0.9104168310761425,-3.6591798077709985,1.0,-1.1309530728188446,-3.2029796675214603,1.0,cylinder,static_obs_1,0.45439238338930843,112.5,0.8901780247688293,-0.014974921941757202,1.1565147638320923,-0.2790142297744751,12.599908201814522
2025-10-01 11:38:45.975,1302,435,3,17,3,-4.0,-4.0,1.0,4.0,4.0,1.0,-0.8993718245625468,-3.6618983589299035,1.0,-1.1309530728188446,-3.2029796675214603,1.0,cylinder,static_obs_1,0.4611307381662231,112.5,1.1565147638320923,-0.2790142297744751,1.104500651359558,-0.27185511589050293,0.2639072621692034
2025-10-01 11:38:45.985,1302,436,3,17,3,-4.0,-4.0,1.0,4.0,4.0,1.0,-0.8932671675085994,-3.6604704614169905,1.0,-1.1309530728188446,-3.2029796675214603,1.0,cylinder,static_obs_1,0.4621476839943355,112.5,1.104500651359558,-0.27185511589050293,0.6104657053947449,0.14278975129127502,26.99254835688748
2025-10-01 11:38:45.993,1302,437,3,17,3,-4.0,-4.0,1.0,4.0,4.0,1.0,-0.8860045662522288,-3.6643660794384787,1.0,-1.1309530728188446,-3.2029796675214603,1.0,cylinder,static_obs_1,0.4685260429275574,112.5,0.6104657053947449,0.14278975129127502,0.7262601256370544,-0.38956180214881897,41.37382773192908
2025-10-01 11:38:46.053,1302,455,3,17,3,-4.0,-4.0,1.0,4.0,4.0,1.0,-0.7390958547592136,-3.6553889214433744,1.0,-1.1309530728188446,-3.2029796675214603,1.0,cylinder,static_obs_1,0.54550939259958,135.0,1.1659599542617798,0.22950002551078796,1.008026361465454,0.4543541669845581,13.12744294578288
2025-10-01 11:38:46.057,1302,456,3,17,3,-4.0,-4.0,1.0,4.0,4.0,1.0,-0.7308836239576313,-3.654957738313825,1.0,-1.1309530728188446,-3.2029796675214603,1.0,cylinder,static_obs_1,0.5510114241732105,135.0,1.008026361465454,0.4543541669845581,0.8212230801582336,0.04311831295490265,21.257268048895273
2025-10-01 11:38:46.060,1302,457,3,17,3,-4.0,-4.0,1.0,4.0,4.0,1.0,-0.7228551298379872,-3.65722320014611,1.0,-1.1309530728188446,-3.2029796675214603,1.0,cylinder,static_obs_1,0.5582903502320551,135.0,0.8212230801582336,0.04311831295490265,0.8028494119644165,-0.22654618322849274,18.76343646941132
2025-10-01 11:38:46.066,1302,458,3,17,3,-4.0,-4.0,1.0,4.0,4.0,1.0,-0.7137614017724965,-3.658177945856006,1.0,-1.1309530728188446,-3.2029796675214603,1.0,cylinder,static_obs_1,0.5653956941792063,135.0,0.8028494119644165,-0.22654618322849274,0.9093728065490723,-0.09547457098960876,9.764385429587817
2025-10-01 11:38:46.070,1302,459,3,17,3,-4.0,-4.0,1.0,4.0,4.0,1.0,-0.7046211916208241,-3.663712143544109,1.0,-1.1309530728188446,-3.2029796675214603,1.0,cylinder,static_obs_1,0.5757720674726082,135.0,0.9093728065490723,-0.09547457098960876,0.9140210151672363,-0.5534197688102722,25.200493588197713
2025-10-01 11:38:46.079,1302,460,3,17,3,-4.0,-4.0,1.0,4.0,4.0,1.0,-0.6980858558416341,-3.662614574749024,1.0,-1.1309530728188446,-3.2029796675214603,1.0,cylinder,static_obs_1,0.5796171493815814,135.0,0.9140210151672363,-0.5534197688102722,0.6535335779190063,0.10975687950849533,40.72749119655107
2025-10-01 11:38:46.085,1302,461,3,17,3,-4.0,-4.0,1.0,4.0,4.0,1.0,-0.6963121879100773,-3.6586140945740055,1.0,-1.1309530728188446,-3.2029796675214603,1.0,cylinder,static_obs_1,0.5780425553438003,135.0,0.6535335779190063,0.10975687950849533,0.17736679315567017,0.40004801750183105,56.55573575526919
2025-10-01 11:38:46.088,1302,462,3,17,3,-4.0,-4.0,1.0,4.0,4.0,1.0,-0.6857621610164616,-3.654872040171177,1.0,-1.1309530728188446,-3.2029796675214603,1.0,cylinder,static_obs_1,0.5828565188581676,135.0,0.17736679315567017,0.40004801750183105,1.0550026893615723,0.37420544028282166,46.5598347355652
2025-10-01 11:38:46.095,1302,463,3,17,3,-4.0,-4.0,1.0,4.0,4.0,1.0,-0.6803072297573063,-3.6528965887613603,1.0,-1.1309530728188446,-3.2029796675214603,1.0,cylinder,static_obs_1,0.5853168826546367,135.0,1.0550026893615723,0.37420544028282166,0.5454931259155273,0.1975451409816742,0.37796959673989905
2025-10-01 11:38:46.095,1302,464,3,17,3,-4.0,-4.0,1.0,4.0,4.0,1.0,-0.6744714540243122,-3.6511653027124713,1.0,-1.1309530728188446,-3.2029796675214603,1.0,cylinder,static_obs_1,0.5882191951435777,135.0,0.5454931259155273,0.1975451409816742,0.583577573299408,0.17312860488891602,3.38345108952809
2025-10-01 11:38:46.095,1302,465,3,17,3,-4.0,-4.0,1.0,4.0,4.0,1.0,-0.6669092899560901,-3.6506765904463836,1.0,-1.1309530728188446,-3.2029796675214603,1.0,cylinder,static_obs_1,0.5932208808792631,135.0,0.583577573299408,0.17312860488891602,0.7562164068222046,0.048871226608753204,12.826266940817067
2025-10-01 11:38:46.108,1302,466,3,17,3,-4.0,-4.0,1.0,4.0,4.0,1.0,-0.65912151277065,-3.647663257960231,1.0,-1.1309530728188446,-3.2029796675214603,1.0,cylinder,static_obs_1,0.5965969231025294,135.0,0.7562164068222046,0.048871226608753204,0.7787777185440063,0.3013332486152649,17.45534555757399
2025-10-01 11:38:46.115,1302,467,3,17,3,-4.0,-4.0,1.0,4.0,4.0,1.0,-0.6462729018926593,-3.6491600495018073,1.0,-1.1309530728188446,-3.2029796675214603,1.0,cylinder,static_obs_1,0.6067406544322551,135.0,0.7787777185440063,0.3013332486152649,1.2848610877990723,-0.14967915415763855,27.797688100841476
2025-10-01 11:38:46.115,1302,468,3,17,3,-4.0,-4.0,1.0,4.0,4.0,1.0,-0.6372893631458255,-3.6483271105028696,1.0,-1.1309530728188446,-3.2029796675214603,1.0,cylinder,static_obs_1,0.6125039987847299,135.0,1.2848610877990723,-0.14967915415763855,0.8983538746833801,0.08329389989376068,11.941914608891592
2025-10-01 11:38:46.115,1302,469,3,17,3,-4.0,-4.0,1.0,4.0,4.0,1.0,-0.6304880046844455,-3.64774060310796,1.0,-1.1309530728188446,-3.2029796675214603,1.0,cylinder,static_obs_1,0.6168985621178954,135.0,0.8983538746833801,0.08329389989376068,0.6801358461380005,0.05865073949098587,0.3685824801520403
2025-10-01 11:38:46.115,1302,470,3,17,3,-4.0,-4.0,1.0,4.0,4.0,1.0,-0.6207563626766178,-3.6495898071117705,1.0,-1.1309530728188446,-3.2029796675214603,1.0,cylinder,static_obs_1,0.6250874568646021,135.0,0.6801358461380005,0.05865073949098587,0.9731642007827759,-0.18492040038108826,15.687701692130569
2025-10-01 11:38:46.133,1302,471,3,17,3,-4.0,-4.0,1.0,4.0,4.0,1.0,-0.6151192998886081,-3.651804795879871,1.0,-1.1309530728188446,-3.2029796675214603,1.0,cylinder,static_obs_1,0.6306396957661541,135.0,0.9731642007827759,-0.18492040038108826,0.5637062788009644,-0.22149887681007385,10.692450006690795
2025-10-01 11:38:46.337,1302,525,3,17,3,-4.0,-4.0,1.0,4.0,4.0,1.0,-0.2105409070849392,-3.6367946549691257,1.0,-1.1309530728188446,-3.2029796675214603,1.0,cylinder,static_obs_1,0.9648866149368196,157.5,0.9106927514076233,-0.158051997423172,0.7911970615386963,0.15761607885360718,21.112215479688675
2025-10-01 11:38:46.345,1302,526,3,17,3,-4.0,-4.0,1.0,4.0,4.0,1.0,-0.20037808150052758,-3.6344776479341085,1.0,-1.1309530728188446,-3.2029796675214603,1.0,cylinder,static_obs_1,0.9733891612817653,157.5,0.7911970615386963,0.15761607885360718,1.016282558441162,0.23170070350170135,1.5767323836676446
2025-10-01 11:38:46.353,1302,527,3,17,3,-4.0,-4.0,1.0,4.0,4.0,1.0,-0.1953579452633831,-3.634262669514864,1.0,-1.1309530728188446,-3.2029796675214603,1.0,cylinder,static_obs_1,0.9779448937223203,157.5,1.016282558441162,0.23170070350170135,0.502013623714447,0.02149784192442894,10.391162923178968
2025-10-01 11:38:46.355,1302,528,3,17,3,-4.0,-4.0,1.0,4.0,4.0,1.0,-0.18432336121797294,-3.6335821033082896,1.0,-1.1309530728188446,-3.2029796675214603,1.0,cylinder,static_obs_1,0.9878790786597669,157.5,0.502013623714447,0.02149784192442894,1.1034584045410156,0.068056620657444,1.0771976405977528
2025-10-01 11:38:46.355,1302,529,3,17,3,-4.0,-4.0,1.0,4.0,4.0,1.0,-0.1801064482331249,-3.632565151955932,1.0,-1.1309530728188446,-3.2029796675214603,1.0,cylinder,static_obs_1,0.9913858278227803,157.5,1.1034584045410156,0.068056620657444,0.42169129848480225,0.10169513523578644,10.029278492049892
2025-10-01 11:38:46.355,1302,530,3,17,3,-4.0,-4.0,1.0,4.0,4.0,1.0,-0.17406023830175132,-3.6339261253736908,1.0,-1.1309530728188446,-3.2029796675214603,1.0,cylinder,static_obs_1,0.9974926194065086,157.5,0.42169129848480225,0.10169513523578644,0.6046209931373596,-0.13609734177589417,26.244148347794333
2025-10-01 11:38:46.371,1302,531,3,17,3,-4.0,-4.0,1.0,4.0,4.0,1.0,-0.16553024441003533,-3.632439414467662,1.0,-1.1309530728188446,-3.2029796675214603,1.0,cylinder,static_obs_1,1.0048043665430575,157.5,0.6046209931373596,-0.13609734177589417,0.8529993891716003,0.14867109060287476,22.572469041531598
2025-10-01 11:38:46.375,1302,532,3,17,3,-4.0,-4.0,1.0,4.0,4.0,1.0,-0.15638373106717798,-3.633458789121359,1.0,-1.1309530728188446,-3.2029796675214603,1.0,cylinder,static_obs_1,1.0136447408057077,157.5,0.8529993891716003,0.14867109060287476,0.9146513342857361,-0.10193746536970139,16.246233456433743
2025-10-01 11:38:46.375,1302,533,3,17,3,-4.0,-4.0,1.0,4.0,4.0,1.0,-0.14998985856771205,-3.6316412548534567,1.0,-1.1309530728188446,-3.2029796675214603,1.0,cylinder,static_obs_1,1.018856368489369,157.5,0.9146513342857361,-0.10193746536970139,0.6393872499465942,0.18175342679023743,22.227775424255757
2025-10-01 11:38:46.385,1302,534,3,17,3,-4.0,-4.0,1.0,4.0,4.0,1.0,-0.1435819867253277,-3.629856225829571,1.0,-1.1309530728188446,-3.2029796675214603,1.0,cylinder,static_obs_1,1.0240933690977712,157.5,0.6393872499465942,0.18175342679023743,0.6407871842384338,0.1785029023885727,0.3022869646351652
2025-10-01 11:38:46.391,1302,535,3,17,3,-4.0,-4.0,1.0,4.0,4.0,1.0,-0.13804371744394037,-3.629924247916787,1.0,-1.1309530728188446,-3.2029796675214603,1.0,cylinder,static_obs_1,1.0292360936581935,157.5,0.6407871842384338,0.1785029023885727,0.5538269281387329,-0.006802208721637726,16.269826052224584
2025-10-01 11:38:46.395,1302,536,3,17,3,-4.0,-4.0,1.0,4.0,4.0,1.0,-0.13518474072217676,-3.6286196186207227,1.0,-1.1309530728188446,-3.2029796675214603,1.0,cylinder,static_obs_1,1.031378183718375,157.5,0.5538269281387329,-0.006802208721637726,0.2858976721763611,0.13046292960643768,25.23219381397161
2025-10-01 11:38:46.399,1302,537,3,17,3,-4.0,-4.0,1.0,4.0,4.0,1.0,-0.12463415354490015,-3.6267311904393127,1.0,-1.1309530728188446,-3.2029796675214603,1.0,cylinder,static_obs_1,1.0404029850892,157.5,0.2858976721763611,0.13046292960643768,1.0550587177276611,0.18884281814098358,14.380712889362666
2025-10-01 11:38:46.405,1302,538,3,17,3,-4.0,-4.0,1.0,4.0,4.0,1.0,-0.11245728701352808,-3.623892923053353,1.0,-1.1309530728188446,-3.2029796675214603,1.0,cylinder,static_obs_1,1.0505667849424276,157.5,1.0550587177276611,0.18884281814098358,1.217686653137207,0.2838267385959625,2.9728294312479955
2025-10-01 11:38:46.409,1302,539,3,17,3,-4.0,-4.0,1.0,4.0,4.0,1.0,-0.10706759065389368,-3.6277721533738068,1.0,-1.1309530728188446,-3.2029796675214603,1.0,cylinder,static_obs_1,1.0570307322695103,157.5,1.217686653137207,0.2838267385959625,0.5389696359634399,-0.3879230320453644,48.865055074862845
2025-10-01 11:38:46.413,1302,540,3,17,3,-4.0,-4.0,1.0,4.0,4.0,1.0,-0.09835996657609675,-3.6253677777014666,1.0,-1.1309530728188446,-3.2029796675214603,1.0,cylinder,static_obs_1,1.0641554131968032,157.5,0.5389696359634399,-0.3879230320453644,0.8707624077796936,0.2404375672340393,51.18048286704185
2025-10-01 11:38:46.420,1302,541,3,17,3,-4.0,-4.0,1.0,4.0,4.0,1.0,-0.0913221618533108,-3.6290631771646433,1.0,-1.1309530728188446,-3.2029796675214603,1.0,cylinder,static_obs_1,1.072071665084525,157.5,0.8707624077796936,0.2404375672340393,0.703780472278595,-0.36953994631767273,43.13905125994011
2025-10-01 11:38:46.425,1302,542,3,17,3,-4.0,-4.0,1.0,4.0,4.0,1.0,-0.084382399618623,-3.6296404833532865,1.0,-1.1309530728188446,-3.2029796675214603,1.0,cylinder,static_obs_1,1.0787040948874433,157.5,0.703780472278595,-0.36953994631767273,0.6939762234687805,-0.05773061886429787,22.947613235866942
2025-10-01 11:38:46.432,1302,543,3,17,3,-4.0,-4.0,1.0,4.0,4.0,1.0,-0.07393355995416377,-3.629698616135865,1.0,-1.1309530728188446,-3.2029796675214603,1.0,cylinder,static_obs_1,1.0883798104446993,157.5,0.6939762234687805,-0.05773061886429787,1.0448839664459229,-0.005813278257846832,4.436616847428303
2025-10-01 11:38:46.437,1302,544,3,17,3,-4.0,-4.0,1.0,4.0,4.0,1.0,-0.06485968500375484,-3.625970692504197,1.0,-1.1309530728188446,-3.2029796675214603,1.0,cylinder,static_obs_1,1.0953363631809874,157.5,1.0448839664459229,-0.005813278257846832,0.9073874950408936,0.3727923631668091,22.653654171832855
2025-10-01 11:38:46.443,1302,545,3,17,3,-4.0,-4.0,1.0,4.0,4.0,1.0,-0.055906880199906576,-3.623194720614701,1.0,-1.1309530728188446,-3.2029796675214603,1.0,cylinder,static_obs_1,1.1025453578470104,157.5,0.9073874950408936,0.3727923631668091,0.8952804803848267,0.27759718894958496,5.107935419327779
2025-10-01 11:38:46.449,1302,546,3,17,3,-4.0,-4.0,1.0,4.0,4.0,1.0,-0.049989673197266805,-3.6241082568652923,1.0,-1.1309530728188446,-3.2029796675214603,1.0,cylinder,static_obs_1,1.1083617394743477,157.5,0.8952804803848267,0.27759718894958496,0.591720700263977,-0.09135362505912781,26.003350923803783
2025-10-01 11:38:46.449,1302,547,3,17,3,-4.0,-4.0,1.0,4.0,4.0,1.0,-0.04188905924558376,-3.6221008895523843,1.0,-1.1309530728188446,-3.2029796675214603,1.0,cylinder,static_obs_1,1.115077544691762,157.5,0.591720700263977,-0.09135362505912781,0.8100613951683044,0.20073673129081726,22.6941782195653
2025-10-01 11:38:46.455,1302,548,3,17,3,-4.0,-4.0,1.0,4.0,4.0,1.0,-0.03824146866798137,-3.619453451503068,1.0,-1.1309530728188446,-3.2029796675214603,1.0,cylinder,static_obs_1,1.1174343482897036,157.5,0.8100613951683044,0.20073673129081726,0.36475905776023865,0.2647438049316406,22.05453723247463
2025-10-01 11:38:46.455,1302,549,3,17,3,-4.0,-4.0,1.0,4.0,4.0,1.0,-0.030332012772557482,-3.616996735949069,1.0,-1.1309530728188446,-3.2029796675214603,1.0,cylinder,static_obs_1,1.1238015883642374,157.5,0.36475905776023865,0.2647438049316406,0.7909455895423889,0.24567155539989471,18.717268853140673
2025-10-01 11:38:46.455,1302,550,3,17,3,-4.0,-4.0,1.0,4.0,4.0,1.0,-0.02373959004878734,-3.616823937371373,1.0,-1.1309530728188446,-3.2029796675214603,1.0,cylinder,static_obs_1,1.1298260656355705,157.5,0.7909455895423889,0.24567155539989471,0.6592422723770142,0.017279857769608498,15.753573280855681
2025-10-01 11:38:46.472,1302,551,3,17,3,-4.0,-4.0,1.0,4.0,4.0,1.0,-0.014638717174527392,-3.611862225010991,1.0,-1.1309530728188446,-3.2029796675214603,1.0,cylinder,static_obs_1,1.1363354106956072,157.5,0.6592422723770142,0.017279857769608498,0.9100872874259949,0.496171236038208,27.09733715854821
